X.,Game,Release.date,Price,Score.rank,Userscore...Metascore.,Owners,Playtime,Median,Developer.s.,Publisher.s.
98,Stronghold Kingdoms,27-Feb-12,0,0.25,65/75),"1,000,000?..?2,000,000",49:04:00,49:03:00,FireFly Studios,FireFly Studios
242,Mabinogi,6-Dec-12,0,0.38,73),"500,000?..?1,000,000",43:09:00,14:23,NEXON Korea Corp.,Nexon America Inc.
160,Jagged Alliance - Back in Action,8-Feb-12,19.99,0.28,67/62),"200,000?..?500,000",27:22:00,09:07,"Coreplay GmbH, Bigmoon Studios",THQ Nordic
271,Sea Dogs: To Each His Own - Pirate Open World RPG,12-Dec,14.99,0.41,75),"20,000?..?50,000",22:17,07:25,BlackMark Studio,Akella
29,The Walking Dead,24-Apr-12,NA,0.95,96/82),"2,000,000?..?5,000,000",16:29,01:09,Telltale Games,Telltale Games
28,Counter-Strike: Global Offensive,21-Aug-12,14.99,0.71,88/83),"20,000,000?..?50,000,000",15:29,06:24,Valve,Valve
85,Spec Ops: The Line,25-Jun-12,29.99,0.87,93/76),"1,000,000?..?2,000,000",13:56,01:29,YAGER,"2K, Missing Link Games"
366,Viking: Battle for Asgard,17-Oct-12,14.99,0.13,52),"1,000,000?..?2,000,000",12:56,04:18,"Creative Assembly, PC Port - Hardlight",SEGA
266,MapleStory,9-Aug-12,0,0.3,68),"1,000,000?..?2,000,000",12:43,13:30,Nexon,Nexon America Inc.
226,Luxor Evolved,1-Mar-12,9.99,0.97,97),"50,000?..?100,000",12:27,08:18,MumboJumbo,MumboJumbo
83,Vindictus,22-Jun-12,0,0.36,72/76),"1,000,000?..?2,000,000",11:49,30:06:00,Nexon,Nexon America Inc.
337,Port Royale 3,4-May-12,14.99,0.28,67),"200,000?..?500,000",11:36,07:44,Gaming Minds Studios,Kalypso Media Digital
136,Risen 2: Dark Waters,26-Apr-12,9.99,0.43,76/69),"1,000,000?..?2,000,000",11:15,10:05,Piranha Bytes,Deep Silver
47,LEGO Harry Potter: Years 5-7,5-Jan-12,19.99,0.66,86/80),"200,000?..?500,000",10:33,07:01,Traveller's Tales,Warner Bros. Interactive Entertainment
30,Crusader Kings II,14-Feb-12,39.99,0.77,90/82),"2,000,000?..?5,000,000",10:16,03:56,Paradox Development Studio,Paradox Interactive
4,XCOM: Enemy Unknown,8-Oct-12,29.99,0.9,94/89),"2,000,000?..?5,000,000",10:05,07:45,"Firaxis Games, Feral Interactive,Mac), Feral Interactive,Linux)","2K, Feral Interactive,Mac), Feral Interactive,Linux)"
154,Guns of Icarus Online,29-Oct-12,4.99,0.83,92/64),"2,000,000?..?5,000,000",10:00,01:52,Muse Games,Muse Games
76,Legacy of Kain: Soul Reaver 2,6-Dec-12,6.99,0.39,74/77),"200,000?..?500,000",08:45,02:55,Crystal Dynamics,Square Enix
19,DARK SOULS: Prepare To Die Edition,24-Aug-12,NA,0.74,89/85),"2,000,000?..?5,000,000",08:17,01:01,FromSoftware,BANDAI NAMCO Entertainment
13,The Lord of the Rings Online,6-Jun-12,0,0.53,81/86),"2,000,000?..?5,000,000",08:07,15:13,"Standing Stone Games, LLC","Standing Stone Games, LLC"
134,Home,31-Aug-12,2.99,0.33,70/69),"200,000?..?500,000",08:04,05:22,Benjamin Rivers Inc.,Benjamin Rivers Inc.
200,LEGO Batman 2 DC Super Heroes,22-Jun-12,19.99,0.68,87),"200,000?..?500,000",07:42,02:34,TT Games,Warner Bros. Interactive Entertainment
147,Star Trek Online,31-Jan-12,0,0.43,76/66),"1,000,000?..?2,000,000",07:35,08:53,Cryptic Studios,Perfect World Entertainment
27,Galactic Civilizations I: Ultimate Edition,14-Aug-12,9.99,0.08,44/83),"200,000?..?500,000",07:32,02:30,Stardock Entertainment,Stardock Entertainment
60,Euro Truck Simulator 2,12-Oct-12,19.99,0.95,96/79),"5,000,000?..?10,000,000",07:11,03:03,SCS Software,SCS Software
22,PlanetSide 2,20-Nov-12,0,0.55,82/84),"5,000,000?..?10,000,000",05:59,01:38,Daybreak Game Company,Daybreak Game Company
64,Street Fighter X Tekken,11-May-12,29.99,0.16,57/79),"100,000?..?200,000",05:58,03:58,"Capcom U.S.A., Inc.","Capcom U.S.A., Inc."
33,Sins of a Solar Empire: Rebellion,12-Jun-12,39.99,0.83,92/82),"1,000,000?..?2,000,000",05:56,06:34,"Ironclad Games, Stardock Entertainment",Stardock Entertainment
5,Borderlands 2,17-Sep-12,19.99,0.95,96/89),"5,000,000?..?10,000,000",05:50,01:57,"Gearbox Software, Aspyr,Mac), Aspyr,Linux)","2K, Aspyr,Mac), Aspyr,Linux)"
87,Ys Origin,31-May-12,19.99,0.93,95/76),"200,000?..?500,000",04:52,04:48,Nihon Falcom,XSEED Games
8,The Witcher 2: Assassins of Kings Enhanced Edition,16-Apr-12,19.99,0.71,88/88),"2,000,000?..?5,000,000",04:46,01:59,CD PROJEKT RED,"CD PROJEKT RED, 1C-SoftClub"
38,Age of Empires III: Complete Collection,5-Jan-12,39.99,0.71,88/81),"2,000,000?..?5,000,000",04:36,01:41,Ensemble Studios,Microsoft Studios
198,"Hamlet or the Last Game without MMORPG Features, Shaders ...",22-Oct-12,4.99,0.24,64),"50,000?..?100,000",04:31,04:34,Denis Galanin,mif2000)
377,Jagged Alliance 2 - Wildfire,16-Nov-12,6.99,0.33,70),"200,000?..?500,000",04:29,06:29,I-deal Games,Topware Interactive
53,F1 2012,17-Sep-12,19.99,0.68,87/80),"200,000?..?500,000",04:19,07:15,Codemasters Birmingham,Codemasters
123,Ridge Racer Unbounded,29-Mar-12,9.99,0.15,56/72),"100,000?..?200,000",04:18,01:26,BUGBEAR,BANDAI NAMCO Entertainment
7,Torchlight II,20-Sep-12,19.99,0.9,94/88),"2,000,000?..?5,000,000",04:17,01:57,Runic Games,Runic Games
18,STAR WARS Knights of the Old Republic II - The Sith Lords,23-Aug-12,9.99,0.74,89/85),"2,000,000?..?5,000,000",04:11,04:20,"Obsidian Entertainment, Aspyr,Mac, Linux, & Windows Update)","LucasArts, Disney Interactive, Lucasfilm, Aspyr,Mac, Linux)"
231,3SwitcheD,29-Mar-12,9.99,0.05,36),"200,000?..?500,000",04:05,04:44,Reality Pump,Topware Interactive
6,Far Cry 3,4-Dec-12,19.99,0.71,88/88),"2,000,000?..?5,000,000",04:01,01:35,"Ubisoft Montreal, Massive Entertainment, and Ubisoft Shanghai",Ubisoft
66,Deadlight,25-Oct-12,14.99,0.51,80/78),"500,000?..?1,000,000",03:58,01:19,"Tequila Works, S.L.",Microsoft Studios
121,Worms Revolution,10-Oct-12,2.99,0.6,84/73),"1,000,000?..?2,000,000",03:58,01:16,Team17 Digital Ltd,Team17 Digital Ltd
120,Alan Wake's American Nightmare,22-May-12,8.99,0.33,70/73),"1,000,000?..?2,000,000",03:55,02:36,Remedy Entertainment,Remedy Entertainment
292,Iron Sky: Invasion,13-Dec-12,19.99,0.18,59),"200,000?..?500,000",03:52,04:01,Reality Pump,Topware Interactive
192,Clan of Champions,30-Oct-12,1.99,NA,N/A/42),"0?..?20,000",03:46,01:15,ACQUIRE Corp.,"NIS America, Inc."
23,FTL: Faster Than Light,14-Sep-12,9.99,0.95,96/84),"2,000,000?..?5,000,000",03:43,01:12,Subset Games,Subset Games
347,Blood Bowl: Chaos Edition,11-Oct-12,14.99,0.47,78),"200,000?..?500,000",03:40,04:25,Cyanide Studios,Focus Home Interactive
35,Realm of the Mad God,20-Feb-12,0,0.58,83/82),"2,000,000?..?5,000,000",03:32,00:53,"Wild Shadow Studios, Deca Games",Deca Games
355,Castle Crashers,26-Sep-12,14.99,0.95,96),"2,000,000?..?5,000,000",03:31,01:24,The Behemoth,The Behemoth
163,Dream Pinball 3D,19-Sep-12,6.99,0.03,29/61),"100,000?..?200,000",03:25,03:24,ASK Homework,Topware Interactive ACE
288,Indie Game: The Movie,12-Jun-12,9.99,0.95,96),"200,000?..?500,000",03:24,01:08,BlinkWorks Media,BlinkWorks Media
371,Planets Under Attack,27-Sep-12,9.99,0.25,65),"500,000?..?1,000,000",03:22,03:51,Targem Games,Topware Interactive
191,Cortex Command,28-Sep-12,19.99,0.53,81/44),"1,000,000?..?2,000,000",03:18,03:51,Data Realms,"Data Realms, LLC"
42,Wargame: European Escalation,22-Feb-12,9.99,0.41,75/81),"500,000?..?1,000,000",03:10,02:38,Eugen Systems,Focus Home Interactive
54,Assassin?ôs Creed III,20-Nov-12,19.99,0.39,74/80),"1,000,000?..?2,000,000",03:07,00:39,Ubisoft Montreal,Ubisoft
167,Lucius,26-Oct-12,1.99,0.49,79/59),"500,000?..?1,000,000",03:02,04:02,Shiver Games,Shiver Games
314,TDP4:Team Battle,10-Sep-12,NA,0.07,41),"200,000?..?500,000",02:59,00:59,JAVELIN O?,JAVELIN O?
106,Rocketbirds: Hardboiled Chicken,15-Oct-12,4.99,0.51,80/74),"200,000?..?500,000",02:58,03:05,Ratloop Asia,Reverb Publishing
168,POSTAL 2,2-Nov-12,9.99,0.93,95/59),"1,000,000?..?2,000,000",02:56,01:40,Running With Scissors,Running With Scissors
51,LEGO The Lord of the Rings,27-Nov-12,19.99,0.74,89/80),"500,000?..?1,000,000",02:52,01:25,Traveller's Tales,Warner Bros. Interactive Entertainment
43,Kingdoms of Amalur: Reckoning,7-Feb-12,19.99,0.68,87/81),"500,000?..?1,000,000",02:46,03:13,"Big Huge Games, 38 Studios","38 Studios, Electronic Arts"
34,Legend of Grimrock,11-Apr-12,14.99,0.9,94/82),"500,000?..?1,000,000",02:44,02:02,Almost Human Games,Almost Human Games
127,Warlock - Master of the Arcane,8-May-12,24.99,0.66,86/71),"500,000?..?1,000,000",02:40,00:53,Ino-Co Plus,Paradox Interactive
280,Really Big Sky,24-Feb-12,4.99,0.41,75),"500,000?..?1,000,000",02:40,00:53,Boss Baddie,Ripstone
142,Primal Carnage,29-Oct-12,7.99,0.45,77/67),"200,000?..?500,000",02:31,02:31,Lukewarm Media,"Reverb Triple XP, Circle 5"
24,Alan Wake,16-Feb-12,14.99,0.8,91/83),"2,000,000?..?5,000,000",02:31,01:54,Remedy Entertainment,Remedy Entertainment
234,SpaceCorn,30-Aug-12,0.99,0.21,61),"50,000?..?100,000",02:30,00:50,"Henrique Pegacha, Rafael Lima, Nuno Guerreiro",Gentlemen in Tuxedos
74,Endless Space - Collection,4-Jul-12,19.99,0.51,80/77),"1,000,000?..?2,000,000",02:28,02:38,AMPLITUDE Studios,SEGA
63,Chivalry: Medieval Warfare,16-Oct-12,24.99,0.58,83/79),"5,000,000?..?10,000,000",02:27,01:05,Torn Banner Studios,Torn Banner Studios
3,Dishonored,8-Oct-12,9.99,0.95,96/91),"2,000,000?..?5,000,000",02:26,00:54,Arkane Studios,Bethesda Softworks
353,Dragon Nest,18-Dec-12,0,0.39,74),"500,000?..?1,000,000",02:25,01:36,Eyedentity Games Inc.,Eyedentity Games Inc.
46,Natural Selection 2,30-Oct-12,9.99,0.63,85/80),"1,000,000?..?2,000,000",02:19,00:35,Unknown Worlds Entertainment,Unknown Worlds Entertainment
37,Divine Divinity,5-Jul-12,5.99,0.68,87/81),"500,000?..?1,000,000",02:18,03:03,Larian Studios,Larian Studios
149,Sniper Elite V2,30-Apr-12,19.99,0.68,87/66),"2,000,000?..?5,000,000",02:18,01:07,Rebellion,Rebellion
115,Beyond Divinity,29-Oct-12,5.99,0.13,52/73),"200,000?..?500,000",02:17,01:31,Larian Studios,Larian Studios
107,Serious Sam 2,31-Jan-12,9.99,0.71,88/74),"500,000?..?1,000,000",02:16,01:29,Croteam,Devolver Digital
293,Dungeons & Dragons Online,25-Jun-12,0,0.36,72),"500,000?..?1,000,000",02:15,02:46,"Standing Stone Games, LLC","Standing Stone Games, LLC"
104,Call of Duty: Black Ops II,12-Nov-12,59.99,0.55,82/74),"2,000,000?..?5,000,000",02:14,00:10,Treyarch,Activision
296,Dwarfs - F2P,18-Oct-12,0,0.63,85),"500,000?..?1,000,000",02:10,00:43,Power of 2,Tripwire Interactive
291,The Juicer,6-Sep-12,0.99,0.83,92),"20,000?..?50,000",02:05,00:41,Anvate Games,Anvate Games
70,Chaos on Deponia,6-Nov-12,19.99,0.8,91/78),"200,000?..?500,000",02:01,02:39,Daedalic Entertainment,Daedalic Entertainment
2,Batman: Arkham City - Game of the Year Edition,7-Sep-12,19.99,0.9,94/91),"2,000,000?..?5,000,000",01:59,01:45,"Rocksteady Studios, Feral Interactive,Mac)","Warner Bros. Interactive Entertainment, Feral Interactive,Mac)"
25,Orcs Must Die! 2,30-Jul-12,14.99,0.9,94/83),"2,000,000?..?5,000,000",01:56,02:28,Robot Entertainment,Robot Entertainment
58,Hitman: Absolution,19-Nov-12,19.99,0.77,90/79),"2,000,000?..?5,000,000",01:56,01:14,"Io-Interactive A/S, Feral Interactive,Mac)","Io-Interactive A/S, Feral Interactive,Mac)"
239,Sonic Adventure 2,19-Nov-12,9.99,0.6,84),"500,000?..?1,000,000",01:53,02:32,SEGA,SEGA
91,The Dark Eye: Chains of Satinav,22-Jun-12,19.99,0.66,86/75),"200,000?..?500,000",01:52,02:01,Daedalic Entertainment,Daedalic Entertainment
82,Prototype 2,24-Jul-12,39.99,0.24,64/76),"500,000?..?1,000,000",01:50,01:07,Radical Entertainment,Activision
92,Scribblenauts Unlimited,19-Nov-12,19.99,0.8,91/75),"1,000,000?..?2,000,000",01:48,02:20,5th Cell Media,Warner Bros. Interactive Entertainment
17,Hotline Miami,23-Oct-12,9.99,0.97,97/85),"2,000,000?..?5,000,000",01:48,00:21,Dennaton Games,Devolver Digital
129,Tom Clancy's Ghost Recon: Future Soldier,26-Jun-12,19.99,0.25,65/71),"200,000?..?500,000",01:47,01:46,"Ubisoft Paris, Red Storm Entertainment",Ubisoft
108,Deponia,6-Aug-12,9.99,0.74,89/74),"500,000?..?1,000,000",01:43,02:16,Daedalic Entertainment,Daedalic Entertainment
41,To the Moon,7-Sep-12,9.99,0.95,96/81),"1,000,000?..?2,000,000",01:40,02:26,0bird Games,0bird Games
89,Symphony,6-Aug-12,8.99,0.68,87/75),"200,000?..?500,000",01:37,00:32,Empty Clip Studios,Empty Clip Studios
245,The Basement Collection,31-Aug-12,3.99,0.66,86),"200,000?..?500,000",01:36,01:33,"Edmund McMillen, Tyler Glaiel",Edmund McMillen
248,Dead Pixels,7-Dec-12,2.99,0.66,86),"200,000?..?500,000",01:35,01:03,CSR-Studios,CSR-Studios
26,Tales From Space: Mutant Blobs Attack,15-Aug-12,7.99,0.83,92/83),"100,000?..?200,000",01:34,00:31,DrinkBox Studios,DrinkBox Studios
67,Awesomenauts - the 2D moba,1-Aug-12,0,0.63,85/78),"2,000,000?..?5,000,000",01:32,00:49,Ronimo Games,Ronimo Games
11,Max Payne 3,31-May-12,19.99,0.55,82/87),"1,000,000?..?2,000,000",01:29,01:48,Rockstar Studios,Rockstar Games
255,Air Conflicts: Pacific Carriers,21-Sep-12,9.99,0.09,46),"100,000?..?200,000",01:27,00:29,"Games Farm, 3Division",Games Farm
99,Blacklight: Retribution,2-Jul-12,0,0.39,74/75),"2,000,000?..?5,000,000",01:23,00:35,"Hardsuit Labs, Inc.","Hardsuit Labs, Inc."
232,Ticket to Ride,24-May-12,9.99,0.63,85),"200,000?..?500,000",01:21,02:01,Days of Wonder,"Days of Wonder, Asmodee Digital"
130,Fallen Earth 02Play,22-Feb-12,0,0.15,55/71),"2,000,000?..?5,000,000",01:20,00:53,Little Orbit,Little Orbit
319,Jet Set Radio,19-Sep-12,7.99,0.71,88),"1,000,000?..?2,000,000",01:19,01:35,Blit Software,SEGA
343,Venusian Vengeance,25-Oct-12,3.99,NA,N/A),"0?..?20,000",01:18,00:26,Renegade Sector Games,Renegade Sector Games
72,The Darkness II,6-Feb-12,29.99,0.74,89/77),"1,000,000?..?2,000,000",01:13,01:18,Digital Extremes,2K
369,Party of Sin,13-Dec-12,5.99,NA,N/A),"50,000?..?100,000",01:13,00:24,Crankshaft Games,Crankshaft Games
218,Sonic CD,19-Jan-12,4.99,0.77,90),"200,000?..?500,000",01:09,01:18,Blit Software,SEGA
125,Shank 2,7-Feb-12,9.99,0.55,82/72),"500,000?..?1,000,000",01:01,01:01,Klei Entertainment,Klei Entertainment
69,Closure,7-Sep-12,9.99,0.66,86/78),"200,000?..?500,000",01:01,00:20,Eyebrow Interactive,Eyebrow Interactive
273,Legacy of Kain: Soul Reaver,6-Dec-12,6.99,0.38,73),"200,000?..?500,000",00:57,00:19,Crystal Dynamics,Square Enix
325,Stronghold 3 Gold,25-May-12,29.99,0.03,26),"500,000?..?1,000,000",00:53,00:52,FireFly Studios,FireFly Studios
162,F1 RACE STARS,13-Nov-12,14.99,0.45,77/62),"100,000?..?200,000",00:51,00:51,Codemasters Birmingham,Codemasters
96,Edna & Harvey: Harvey's New Eyes,16-Oct-12,19.99,0.8,91/75),"200,000?..?500,000",00:47,00:31,Daedalic Entertainment,Daedalic Entertainment
139,Binary Domain,27-Apr-12,14.99,0.63,85/68),"500,000?..?1,000,000",00:46,01:00,Devil's Details,SEGA
80,McPixel,25-Sep-12,4.99,0.66,86/76),"200,000?..?500,000",00:46,00:15,Sos,Sos Mikolaj Kaminski
238,Sonic the Hedgehog 4 - Episode I,19-Jan-12,9.99,0.11,50),"200,000?..?500,000",00:38,00:25,SEGA,SEGA
246,Gotham City Impostors 0 to Play,30-Aug-12,0,0.6,84),"2,000,000?..?5,000,000",00:37,00:39,"Monolith Productions, Inc.",Warner Bros. Interactive Entertainment
131,Legacy of Kain: Defiance,6-Dec-12,6.99,0.68,87/70),"200,000?..?500,000",00:35,00:40,Crystal Dynamics,Square Enix
16,Rayman Origins,29-Mar-12,19.99,0.87,93/86),"200,000?..?500,000",00:32,00:27,"UBIart Montpellier, Feral Interactive,Mac)","Ubisoft, Feral Interactive,Mac)"
119,Hard Reset Extended Edition,12-Jul-12,14.99,0.58,83/73),"200,000?..?500,000",00:31,00:31,Flying Wild Hog,Good Shepherd Entertainment
102,They Bleed Pixels,29-Aug-12,9.99,0.68,87/74),"200,000?..?500,000",00:31,00:25,Spooky Squid Games Inc.,Spooky Squid Games Inc.
39,Waveform,20-Mar-12,1.99,0.6,84/81),"500,000?..?1,000,000",00:28,00:09,Eden Industries,Eden Industries
155,Hell Yeah! Wrath of the Dead Rabbit,3-Oct-12,14.99,0.66,86/64),"1,000,000?..?2,000,000",00:27,00:23,Arkedo,SEGA
276,eXceed 3rd - Jade Penetrate Black Package,2-Aug-12,5.99,0.83,92),"50,000?..?100,000",00:27,00:09,Tennen-sozai,Nyu Media
133,Splice,13-Jun-12,9.99,0.74,89/70),"200,000?..?500,000",00:25,00:08,Cipher Prime Studios,Cipher Prime Studios
215,Doom 3: BFG Edition,15-Oct-12,19.99,0.55,82),"500,000?..?1,000,000",00:19,00:12,id Software,Bethesda Softworks
128,Toy Soldiers,27-Apr-12,9.99,0.77,90/71),"200,000?..?500,000",00:19,00:06,Signal Studios,Microsoft Studios
1,Thief Gold,22-May-12,6.99,0.83,92/92),"500,000?..?1,000,000",00:17,00:11,Looking Glass Studios,Square Enix
112,Crusader Kings Complete,14-Feb-12,9.99,0.23,63/73),"50,000?..?100,000",00:17,00:05,Paradox Development Studio,Paradox Interactive
320,Divinity II: Developer's Cut,29-Oct-12,19.99,0.53,81),"500,000?..?1,000,000",00:15,00:12,Larian Studios,"Larian Studios, Focus Home Interactive"
362,Rune Classic,13-Jun-12,9.99,0.83,92),"100,000?..?200,000",00:15,00:09,Human Head Studios,Human Head Studios
216,BIT.TRIP CORE,2-Oct-12,9.99,0.18,59),"50,000?..?100,000",00:15,00:05,Gaijin Games,Gaijin Games
208,BIT.TRIP VOID,19-Dec-12,9.99,0.45,77),"20,000?..?50,000",00:15,00:05,Gaijin Games,Gaijin Games
10,Super Hexagon,27-Nov-12,2.99,0.97,97/88),"1,000,000?..?2,000,000",00:11,00:09,Terry Cavanagh,Terry Cavanagh
189,Resident Evil: Operation Raccoon City,18-May-12,29.99,0.13,52/48),"100,000?..?200,000",00:11,00:03,Slant Six Games,Capcom Co. Ltd
31,Botanicula,7-May-12,9.99,0.95,96/82),"200,000?..?500,000",00:09,00:03,Amanita Design,Amanita Design
36,Wizorb,14-Mar-12,2.99,0.45,77/81),"200,000?..?500,000",00:09,00:03,Tribute Games Inc.,Tribute Games Inc.
68,Condemned: Criminal Origins,29-Oct-12,14.95,0.66,86/78),"200,000?..?500,000",00:09,00:03,Monolith,SEGA
327,Kung Fu Strike - The Warrior's Rise,24-Jul-12,9.99,0.49,79),"100,000?..?200,000",00:09,00:03,Qooc Software,Digital Tribe
203,Hegemony Gold: Wars of Ancient Greece,30-Mar-12,14.99,0.93,95),"20,000?..?50,000",00:09,00:03,Longbow Games,Longbow Games
153,Painkiller Hell & Damnation,31-Oct-12,19.99,0.43,76/64),"500,000?..?1,000,000",00:08,00:02,The Farm 51,THQ Nordic
148,I Am Alive,6-Sep-12,14.99,0.25,65/66),"200,000?..?500,000",00:08,00:02,Ubisoft Shangha√Ø,Ubisoft
158,Blades of Time,20-Apr-12,9.99,0.66,86/63),"200,000?..?500,000",00:08,00:02,Gaijin Entertainment Corporation,Gaijin Entertainment Corporation
374,Tomb Raider I,28-Nov-12,6.99,0.55,82),"500,000?..?1,000,000",00:06,00:03,Core Design,Square Enix
93,Half Minute Hero: Super Mega Neo Climax Ultimate Boy,27-Sep-12,9.99,0.77,90/75),"200,000?..?500,000",00:05,00:03,Opus,Marvelous
368,Super Crate Box,29-Aug-12,0,0.74,89),"1,000,000?..?2,000,000",00:04,00:01,Vlambeer,Vlambeer
117,Ys: The Oath in Felghana,19-Mar-12,14.99,0.9,94/73),"100,000?..?200,000",00:04,00:01,Nihon Falcom,XSEED Games
174,Tiny Troopers,24-Aug-12,4.99,0.51,80/57),"100,000?..?200,000",00:04,00:01,Kukouri,Iceberg Interactive
278,Dogfight 1942,21-Sep-12,9.99,0.33,70),"100,000?..?200,000",00:04,00:01,City Interactive,CI Games
307,Tomb Raider II,28-Nov-12,6.99,0.66,86),"500,000?..?1,000,000",00:03,00:01,Core Design,Square Enix
364,eXceed - Gun Bullet Children,2-Aug-12,2.99,0.09,47),"50,000?..?100,000",00:03,00:01,Flat Software,Nyu Media
284,Notch - The Innocent LunA: Eclipsed SinnerS,18-Feb-12,9.99,0.71,88),"20,000?..?50,000",00:03,00:01,"Angels Blue Digital Entertainment, DigitalEZ",DigitalEZ
194,Painkiller: Recurring Evil,29-Feb-12,9.99,0.13,52/38),"100,000?..?200,000",00:02,00:00,Med-Art,THQ Nordic
308,Pickers,22-Feb-12,9.99,0.51,80),"50,000?..?100,000",00:02,00:00,MumboJumbo,MumboJumbo
312,Insane 2,24-Jan-12,14.99,0.38,73),"50,000?..?100,000",00:02,00:00,Targem Games,Game Factory Interactive
12,Thief II: The Metal Age,22-May-12,6.99,0.87,93/87),"200,000?..?500,000",00:01,00:00,Looking Glass Studios,Square Enix
57,Intrusion 2,11-Sep-12,9.99,0.77,90/80),"200,000?..?500,000",00:01,00:00,Aleksey Abramenko,Aleksey Abramenko
59,Dustforce DX,17-Jan-12,9.99,0.87,93/79),"200,000?..?500,000",00:01,00:00,Hitbox Team,
65,Rocksmith,16-Oct-12,29.99,0.77,90/78),"200,000?..?500,000",00:01,00:00,Ubisoft - San Francisco,Ubisoft
180,Sonic the Hedgehog 4 - Episode II,15-May-12,9.99,0.51,80/54),"200,000?..?500,000",00:01,00:00,SEGA,SEGA
342,Penny Arcade's On the Rain-Slick Precipice of Darkness 3,25-Jun-12,1.99,0.71,88),"200,000?..?500,000",00:01,00:00,Zeboyd Games,"Penny Arcade, Inc."
309,Fortune Summoners,30-Jan-12,19.99,0.66,86),"100,000?..?200,000",00:01,00:00,Lizsoft,Carpe Fulgur LLC
323,Luxor: Amun Rising HD,3-Sep-12,9.99,NA,N/A),"0?..?20,000",00:01,00:00,MumboJumbo,MumboJumbo
15,Tribes: Ascend,27-Jun-12,0,0.47,78/86),"2,000,000?..?5,000,000",00:00,00:00,Hi-Rez Studios,Hi-Rez Studios
40,Lone Survivor: The Director's Cut,23-Apr-12,14.99,0.71,88/81),"500,000?..?1,000,000",00:00,00:00,Jasper Byrne,Superflat Games
75,Giana Sisters: Twisted Dreams,22-Oct-12,14.99,0.6,84/77),"500,000?..?1,000,000",00:00,00:00,Black Forest Games,"HandyGames, Black Forest Games"
78,Thomas Was Alone,12-Nov-12,9.99,0.9,94/77),"500,000?..?1,000,000",00:00,00:00,Bithell Games,Bithell Games
95,Tiny and Big: Grandpa's Leftovers,19-Jun-12,9.99,0.83,92/75),"500,000?..?1,000,000",00:00,00:00,Black Pants Studio,Black Pants Studio
141,Little Inferno,19-Nov-12,9.99,0.9,94/68),"500,000?..?1,000,000",00:00,00:00,Tomorrow Corporation,Tomorrow Corporation
156,Pid,31-Oct-12,9.99,0.34,71/63),"500,000?..?1,000,000",00:00,00:00,Might and Delight,Might and Delight
209,Tomb Raider III,28-Nov-12,6.99,0.58,83),"500,000?..?1,000,000",00:00,00:00,Core Design,Square Enix
220,Superbrothers: Sword & Sworcery EP,16-Apr-12,7.99,0.49,79),"500,000?..?1,000,000",00:00,00:00,"Capybara, Superbrothers, Jim Guthrie",Capybara Games
227,Continent of the Ninth Seal,13-Sep-12,0,0.36,72),"500,000?..?1,000,000",00:00,00:00,Cloud 9 Studio,Webzen
241,Tomb Raider IV: The Last Revelation,28-Nov-12,6.99,0.63,85),"500,000?..?1,000,000",00:00,00:00,Core Design,Square Enix
275,Everquest,13-Dec-12,0,0.38,73),"500,000?..?1,000,000",00:00,00:00,Daybreak Game Company,Daybreak Game Company
315,Sacred 2 Gold,21-Dec-12,14.99,0.36,72),"500,000?..?1,000,000",00:00,00:00,Ascaron,Deep Silver
331,Tomb Raider V: Chronicles,28-Nov-12,6.99,0.36,72),"500,000?..?1,000,000",00:00,00:00,Core Design,Square Enix
344,Tomb Raider VI: The Angel of Darkness,28-Nov-12,6.99,0.14,54),"500,000?..?1,000,000",00:00,00:00,Core Design,Square Enix
32,The Book of Unwritten Tales,31-Jul-12,19.99,0.74,89/82),"200,000?..?500,000",00:00,00:00,KING Art,THQ Nordic
44,Vessel,1-Mar-12,19.99,0.68,87/81),"200,000?..?500,000",00:00,00:00,Strange Loop Games,IndiePub
45,PixelJunk Eden,2-Feb-12,9.99,0.68,87/81),"200,000?..?500,000",00:00,00:00,Q-Games Ltd.,Q-Games Ltd.
49,Stacking,6-Mar-12,9.99,0.8,91/80),"200,000?..?500,000",00:00,00:00,Double Fine Productions,Double Fine Productions
50,Stealth Bastard Deluxe,28-Nov-12,9.99,0.71,88/80),"200,000?..?500,000",00:00,00:00,Curve Studios,Curve Digital
61,Offspring Fling!,11-May-12,7.99,0.71,88/79),"200,000?..?500,000",00:00,00:00,Kyle Pulver,Kyle Pulver
62,Waking Mars,13-Dec-12,9.99,0.74,89/79),"200,000?..?500,000",00:00,00:00,Tiger Style,Tiger Style
71,Quantum Conundrum,21-Jun-12,8.99,0.58,83/77),"200,000?..?500,000",00:00,00:00,Airtight Games,Square Enix
73,Magic: The Gathering - Duels of the Planeswalkers 2013,20-Jun-12,9.99,0.68,87/77),"200,000?..?500,000",00:00,00:00,Stainless Games,Wizards of the Coast LLC
77,Sine Mora,9-Nov-12,NA,0.6,84/77),"200,000?..?500,000",00:00,00:00,Digital Reality,HandyGames
84,Insanely Twisted Shadow Planet,17-Apr-12,14.99,0.71,88/76),"200,000?..?500,000",00:00,00:00,Shadow Planet Productions,Microsoft Studios
101,Snapshot,30-Aug-12,9.99,NA,N/A/74),"200,000?..?500,000",00:00,00:00,Retro Affect,Retro Affect
105,King's Bounty: Warriors of the North,25-Oct-12,9.99,0.49,79/74),"200,000?..?500,000",00:00,00:00,1C-SoftClub,1C Entertainment
110,The Testament of Sherlock Holmes,25-Sep-12,19.99,0.58,83/73),"200,000?..?500,000",00:00,00:00,Frogwares,Frogwares
122,A New Beginning - Final Cut,11-Dec-12,9.99,0.39,74/72),"200,000?..?500,000",00:00,00:00,Daedalic Entertainment,Daedalic Entertainment
137,Of Orcs And Men,11-Oct-12,14.99,0.38,73/69),"200,000?..?500,000",00:00,00:00,Cyanide Studio - Spiders Studios,Focus Home Interactive
144,Oil Rush,25-Jan-12,7.99,0.16,57/67),"200,000?..?500,000",00:00,00:00,Unigine Corp.,Unigine Corp.
151,A Virus Named TOM,1-Aug-12,9.99,0.34,71/65),"200,000?..?500,000",00:00,00:00,Misfits Attic,Misfits Attic
166,Carrier Command: Gaea Mission,28-Sep-12,32.99,0.09,46/60),"200,000?..?500,000",00:00,00:00,Bohemia Interactive,Bohemia Interactive
169,Tower Wars,14-Aug-12,7.99,0.36,72/59),"200,000?..?500,000",00:00,00:00,SuperVillain Studios,SuperVillain Studios
172,Game of Thrones,7-Jun-12,14.99,0.34,71/58),"200,000?..?500,000",00:00,00:00,Cyanide Studios,Focus Home Interactive
178,SpellForce 2: Faith in Destiny,19-Jun-12,14.99,0.19,60/55),"200,000?..?500,000",00:00,00:00,Mind Over Matter Studios,THQ Nordic
179,Nexuiz,10-May-12,9.99,0.21,61/54),"200,000?..?500,000",00:00,00:00,IllFonic,"IllFonic, Psyop Games"
181,A Valley Without Wind,24-Apr-12,14.99,0.24,64/54),"200,000?..?500,000",00:00,00:00,"Arcen Games, LLC","Arcen Games, LLC"
185,Confrontation,4-Apr-12,9.99,0.04,32/51),"200,000?..?500,000",00:00,00:00,Cyanide Studio,Focus Home Interactive
211,English Country Tune,9-Aug-12,4.99,0.9,94),"200,000?..?500,000",00:00,00:00,increpare games,increpare games
222,ROSE Online,23-Oct-12,0,0.3,68),"200,000?..?500,000",00:00,00:00,Gravity Interactive,Gravity Interactive
253,Adventures of Shuggy,13-Jun-12,4.99,0.74,89),"200,000?..?500,000",00:00,00:00,Smudged Cat Games Ltd,Smudged Cat Games Ltd
261,Galaxy on Fire 2 Full HD,21-Aug-12,7.99,0.34,71),"200,000?..?500,000",00:00,00:00,Fishlabs Entertainment GmbH,bitComposer Games
310,The Old Tree,24-Feb-12,0,0.74,89),"200,000?..?500,000",00:00,00:00,Red Dwarf Games,Red Dwarf Games
318,NiGHTS Into Dreams,17-Dec-12,7.99,0.8,91),"200,000?..?500,000",00:00,00:00,SEGA,SEGA
329,R.A.W. Realms of Ancient War,11-Oct-12,14.99,0.11,49),"200,000?..?500,000",00:00,00:00,Wizarbox,Focus Home Interactive
350,iBomber Defense Pacific,1-Mar-12,4.99,0.63,85),"200,000?..?500,000",00:00,00:00,Cobra Mobile,Cobra Mobile
372,Zombie Driver HD,17-Oct-12,9.99,0.58,83),"200,000?..?500,000",00:00,00:00,Exor Studios,Exor Studios
378,Defender's Quest: Valley of the Forgotten(DX edition),30-Oct-12,14.99,0.95,96),"200,000?..?500,000",00:00,00:00,"Level Up Labs, LLC",Level Up Labs
386,Spirits,4-Sep-12,3.99,0.34,71),"200,000?..?500,000",00:00,00:00,Spaces of Play,Spaces of Play
9,Thirty Flights of Loving,20-Aug-12,4.99,0.25,65/88),"100,000?..?200,000",00:00,00:00,Blendo Games,Blendo Games
21,Unity of Command: Stalingrad Campaign,17-Oct-12,19.99,0.51,80/84),"100,000?..?200,000",00:00,00:00,2x2 Games,"Dvaput, 2x2 Games"
48,The Blackwell Legacy,13-Jan-12,4.99,0.71,88/80),"100,000?..?200,000",00:00,00:00,Wadjet Eye Games,Wadjet Eye Games
56,Fly'N,9-Nov-12,9.99,0.77,90/80),"100,000?..?200,000",00:00,00:00,Ankama Games,Ankama Games
79,Avernum: Escape From the Pit,11-Apr-12,9.99,0.83,92/76),"100,000?..?200,000",00:00,00:00,Spiderweb Software,Spiderweb Software
88,Miasmata,28-Nov-12,14.99,0.43,76/76),"100,000?..?200,000",00:00,00:00,IonFx,IonFX Studios
90,Hero Academy,10-Aug-12,4.99,0.38,73/75),"100,000?..?200,000",00:00,00:00,Robot Entertainment,Robot Entertainment
94,The Dream Machine: Chapter 1 & 2,11-May-12,3.99,0.83,92/75),"100,000?..?200,000",00:00,00:00,Cockroach Inc.,The Sleeping Machine
97,Iron Brigade,13-Aug-12,14.99,0.58,83/75),"100,000?..?200,000",00:00,00:00,Double Fine Productions,Double Fine Productions
100,Cubemen,16-Mar-12,3.99,0.39,74/74),"100,000?..?200,000",00:00,00:00,3 Sprockets,3 Sprockets
118,The Book of Unwritten Tales: The Critter Chronicles,5-Dec-12,19.99,0.6,84/73),"100,000?..?200,000",00:00,00:00,KING Art,THQ Nordic
126,Primordia,5-Dec-12,9.99,0.97,97/72),"100,000?..?200,000",00:00,00:00,Wormwood Studios,Wadjet Eye Games
145,King Arthur II: The Role-Playing Wargame,27-Jan-12,9.99,0.13,52/66),"100,000?..?200,000",00:00,00:00,NeocoreGames,Paradox Interactive
150,Sword of the Stars II: Enhanced Edition,30-Nov-12,19.99,0.07,42/65),"100,000?..?200,000",00:00,00:00,Kerberos Productions,Paradox Interactive
157,Jagged Alliance: Crossfire,24-Aug-12,14.99,0.24,64/63),"100,000?..?200,000",00:00,00:00,Coreplay GmbH,THQ Nordic
159,Analogue: A Hate Story,27-Apr-12,9.99,0.9,94/62),"100,000?..?200,000",00:00,00:00,Love Conquers All Games,Love Conquers All Games
173,Men of War: Condemned Heroes,12-Apr-12,7.99,0.27,66/57),"100,000?..?200,000",00:00,00:00,1C-SoftClub,1C Entertainment
183,Krater,12-Jun-12,14.99,0.17,58/52),"100,000?..?200,000",00:00,00:00,Fatshark,Fatshark
202,Titan Attacks!,3-Feb-12,9.99,0.83,92),"100,000?..?200,000",00:00,00:00,Puppygames,Puppygames
219,Snuggle Truck,3-Feb-12,4.99,0.8,91),"100,000?..?200,000",00:00,00:00,Owlchemy Labs,Owlchemy Labs
244,Puddle,9-Nov-12,7.99,0.41,75),"100,000?..?200,000",00:00,00:00,Neko Entertainment,Neko Entertainment
247,Cargo Commander,1-Nov-12,2.99,0.55,82),"100,000?..?200,000",00:00,00:00,Serious Brew,Missing Link Games
282,Fieldrunners,24-May-12,4.99,0.39,74),"100,000?..?200,000",00:00,00:00,Subatomic Studios LLC,Subatomic Studios LLC
303,Yesterday,22-Mar-12,9.99,0.55,82),"100,000?..?200,000",00:00,00:00,Pendulo Studios,Focus Home Interactive
321,Dynamite Jack,10-May-12,9.99,0.77,90),"100,000?..?200,000",00:00,00:00,"Hassey Enterprises, Inc.","Hassey Enterprises, Inc."
328,Towns,7-Nov-12,14.99,0.03,25),"100,000?..?200,000",00:00,00:00,"Xavi Canal, Ben Palgi",SMP
346,Wanderlust: Rebirth,27-Jul-12,4.99,0.11,50),"100,000?..?200,000",00:00,00:00,Yeti Trunk,Chucklefish
352,"Hack, Slash, Loot",5-Apr-12,6.99,0.16,57),"100,000?..?200,000",00:00,00:00,David Williamson,David Williamson
373,Blackwell Unbound,13-Jan-12,4.99,0.87,93),"100,000?..?200,000",00:00,00:00,Wadjet Eye Games,Wadjet Eye Games
376,Blackwell Convergence,13-Jan-12,4.99,0.9,94),"100,000?..?200,000",00:00,00:00,Wadjet Eye Games,Wadjet Eye Games
385,Fairy Bloom 0sia,17-Oct-12,7.99,0.83,92),"100,000?..?200,000",00:00,00:00,Edelweiss,Nyu Media
20,GT Legends,28-Nov-12,7.99,0.71,88/84),"50,000?..?100,000",00:00,00:00,SimBin Studios AB,SimBin
52,Noitu Love 2: Devolution,23-Apr-12,4.99,0.9,94/80),"50,000?..?100,000",00:00,00:00,Joakim Sandberg,Joakim Sandberg
55,Myst V: End of Ages,16-Mar-12,9.99,0.17,58/80),"50,000?..?100,000",00:00,00:00,Cyan Worlds,Cyan Worlds
81,Resonance,25-Jul-12,9.99,0.8,91/76),"50,000?..?100,000",00:00,00:00,XII Games,Wadjet Eye Games
103,Stellar Impact,12-Apr-12,9.99,0.05,37/74),"50,000?..?100,000",00:00,00:00,Tindalos Interactive,
109,Unmechanical,8-Aug-12,9.99,0.83,92/74),"50,000?..?100,000",00:00,00:00,Talawa Games,Teotl Studios
113,Blackwell Deception,13-Jan-12,9.99,0.99,98/73),"50,000?..?100,000",00:00,00:00,Wadjet Eye Games,Wadjet Eye Games
116,Unstoppable Gorg,19-Jan-12,9.99,0.47,78/73),"50,000?..?100,000",00:00,00:00,Futuremark,Futuremark
124,Gateways,13-Sep-12,4.99,0.87,93/72),"50,000?..?100,000",00:00,00:00,Smudged Cat Games Ltd,Smudged Cat Games Ltd
132,Evochron Mercenary,16-Jan-12,19.99,0.47,78/70),"50,000?..?100,000",00:00,00:00,StarWraith 3D Games LLC,StarWraith 3D Games LLC
138,Gratuitous Tank Battles,17-May-12,9.99,0.13,53/69),"50,000?..?100,000",00:00,00:00,Positech Games,Positech Games
152,Choplifter HD,11-Jan-12,9.99,0.66,86/65),"50,000?..?100,000",00:00,00:00,inXile Entertainment,inXile Entertainment
165,A Game of Dwarves,23-Oct-12,9.99,0.23,63/60),"50,000?..?100,000",00:00,00:00,Zeal Game Studio,Paradox Interactive
175,SOL: Exodus,25-Jan-12,7.99,0.14,54/57),"50,000?..?100,000",00:00,00:00,"Bit Planet Games, LLC","Bit Planet Games, LLC"
176,Conflict Desert Storm,28-May-12,6.99,0.51,80/56),"50,000?..?100,000",00:00,00:00,Pivotal Games,Square Enix
177,Iron Front: Digital War Edition,25-May-12,14.99,0.18,59/55),"50,000?..?100,000",00:00,00:00,"X1 Software, AWAR",Deep Silver
184,Miner Wars 2081,28-Nov-12,9.99,0.04,31/52),"50,000?..?100,000",00:00,00:00,Keen Software House,Keen Software House
190,Starpoint Gemini,16-Feb-12,13.99,0.03,30/46),"50,000?..?100,000",00:00,00:00,Little Green Men Games,Iceberg Interactive
196,Postal III,17-Feb-12,11.99,0.06,38/24),"50,000?..?100,000",00:00,00:00,Trashmasters,Akella
207,Arena Wars 2,12-Oct-12,3.99,0.04,32),"50,000?..?100,000",00:00,00:00,ExDream GmbH,Just a Game
213,Foreign Legion: Multi Massacre,9-Jul-12,6.99,0.28,67),"50,000?..?100,000",00:00,00:00,Sakari Indie & GriN,Sakari Games
214,Triple Town,6-Dec-12,9.99,0.83,92),"50,000?..?100,000",00:00,00:00,Spry Fox LLC,Spry Fox LLC
217,Lunar Flight,10-Apr-12,14.99,0.68,87),"50,000?..?100,000",00:00,00:00,Shovsoft,Shovsoft
221,Avernum 6,11-May-12,4.99,NA,N/A),"50,000?..?100,000",00:00,00:00,Spiderweb Software,Spiderweb Software
235,eXceed 2nd - Vampire REX,2-Aug-12,5.99,0.8,91),"50,000?..?100,000",00:00,00:00,Tennen-sozai,Nyu Media
240,Avernum 4,11-May-12,4.99,NA,N/A),"50,000?..?100,000",00:00,00:00,Spiderweb Software,Spiderweb Software
249,Midnight Mysteries 4: Haunted Houdini,28-Mar-12,9.99,NA,N/A),"50,000?..?100,000",00:00,00:00,MumboJumbo,MumboJumbo
251,Avernum 5,11-May-12,4.99,NA,N/A),"50,000?..?100,000",00:00,00:00,Spiderweb Software,Spiderweb Software
252,Containment: The Zombie Puzzler,2-Mar-12,4.99,0.77,90),"50,000?..?100,000",00:00,00:00,Bootsnake Games,Bootsnake Games
256,Cherry Tree High Comedy Club,8-Nov-12,6.99,0.74,89),"50,000?..?100,000",00:00,00:00,773,Nyu Media
257,Death Rally,3-Aug-12,9.99,0.31,69),"50,000?..?100,000",00:00,00:00,"Remedy Entertainment Ltd., Mountain Sheep Inc., Cornfox & Brothers Ltd.",Remedy Entertainment Ltd.
268,Critter Crunch,11-Sep-12,6.99,0.93,95),"50,000?..?100,000",00:00,00:00,Capybara Games,Capybara Games
274,iBomber Attack,1-Nov-12,5.99,0.53,81),"50,000?..?100,000",00:00,00:00,Cobra Mobile,Cobra Mobile
277,Democracy 2,11-Oct-12,19.99,0.13,52),"50,000?..?100,000",00:00,00:00,Positech Games,Positech Games
302,Scoregasm,8-Feb-12,4.99,0.66,86),"50,000?..?100,000",00:00,00:00,RC Knight,Charlie's Games
305,ETHER VAPOR Remaster,27-Sep-12,7.99,0.63,85),"50,000?..?100,000",00:00,00:00,Edelweiss,Nyu Media
333,Alien Shooter 2 Conscription,18-May-12,9.99,0.47,78),"50,000?..?100,000",00:00,00:00,Sigma Team Inc.,Sigma Team Inc.
340,Call of Duty: Black Ops - Mac Edition,27-Sep-12,19.99,0.19,60),"50,000?..?100,000",00:00,00:00,Aspyr,Aspyr
351,GTR - FIA GT Racing Game,25-Sep-12,6.99,NA,N/A),"50,000?..?100,000",00:00,00:00,SimBin Studios AB,SimBin
357,Auditorium,28-Feb-12,6.99,0.49,79),"50,000?..?100,000",00:00,00:00,Cipher Prime Studios,Cipher Prime Studios
359,GTR 2 FIA GT Racing Game,12-Dec-12,7.99,0.77,90),"50,000?..?100,000",00:00,00:00,SimBin Studios AB,SimBin
360,Magical Diary: Horse Hall,31-May-12,14.99,0.83,92),"50,000?..?100,000",00:00,00:00,Hanako Games,Hanako Games
375,Tsukumogami,31-May-12,29.99,NA,N/A),"50,000?..?100,000",00:00,00:00,TORaIKI,Fruitbat Factory
379,Nethergate: Resurrection,5-Oct-12,4.99,0.66,86),"50,000?..?100,000",00:00,00:00,Spiderweb Software,Spiderweb Software
380,Bang Bang Racing,8-Jun-12,9.99,0.55,82),"50,000?..?100,000",00:00,00:00,Digital Reality Software & Playbox,HandyGames
114,MacGuffin's Curse,19-Apr-12,9.99,NA,N/A/73),"20,000?..?50,000",00:00,00:00,Brawsome,Brawsome
140,Shad'O,4-Sep-12,4.99,NA,N/A/68),"20,000?..?50,000",00:00,00:00,Okugi Studio,Okugi Sudio
143,Secret Files 3,13-Sep-12,9.99,0.18,59/67),"20,000?..?50,000",00:00,00:00,Animation Arts,Deep Silver
146,Memento Mori,9-Nov-12,12.99,0.19,60/66),"20,000?..?50,000",00:00,00:00,Bohemia Interactive,Bohemia Interactive
161,Pineapple Smash Crew,2-Feb-12,9.99,0.58,83/62),"20,000?..?50,000",00:00,00:00,RichMakeGame,RichMakeGame
170,Fireburst,25-Apr-12,9.99,0.15,56/59),"20,000?..?50,000",00:00,00:00,exDream,Strategy First
171,Defenders of Ardania,14-Mar-12,9.99,NA,N/A/58),"20,000?..?50,000",00:00,00:00,Most Wanted Entertainment,Paradox Interactive
182,Gemini Wars,2-Nov-12,14.99,0.02,20/53),"20,000?..?50,000",00:00,00:00,Camel101 LLC,Iceberg Interactive
187,Cannon Fodder 3,6-Aug-12,14.99,NA,N/A/49),"20,000?..?50,000",00:00,00:00,Burut CT,Game Factory Interactive
188,Karateka,3-Dec-12,3.99,0.55,82/48),"20,000?..?50,000",00:00,00:00,Liquid Entertainment,DotEmu
197,All Zombies Must Die!: Scorepocalypse,19-Apr-12,4.99,0.41,75),"20,000?..?50,000",00:00,00:00,Doublesix Games,Doublesix Games
224,1000 Amps,22-Feb-12,4.99,0.47,78),"20,000?..?50,000",00:00,00:00,Brandon Brizzi,Brandon Brizzi
230,7 Wonders: Ancient Alien Makeover,24-Oct-12,9.99,NA,N/A),"20,000?..?50,000",00:00,00:00,MumboJumbo,MumboJumbo
237,The Bluecoats: North vs South,10-May-12,4.99,0.08,44),"20,000?..?50,000",00:00,00:00,Little World Studio,Microids
260,Magical Drop V,15-Nov-12,0.99,0.12,51),"20,000?..?50,000",00:00,00:00,Golgoth Studio,UTV Ignition Entertainment
264,Sugar Cube: Bittersweet Factory,7-Nov-12,6.99,0.47,78),"20,000?..?50,000",00:00,00:00,Turtle Cream,Turtle Cream
270,Revelations 2012,23-Apr-12,0,0.17,58),"20,000?..?50,000",00:00,00:00,Dark Artz Entertainment,Dark Artz Entertainment
279,Garshasp: Temple of the Dragon,24-Sep-12,4.99,0.03,25),"20,000?..?50,000",00:00,00:00,Dead Mage,Digital Dragon
283,Dead Hungry Diner,16-May-12,3.99,0.51,80),"20,000?..?50,000",00:00,00:00,Black Market Games,Black Market Games
286,Midnight Mysteries 3: Devil on the Mississippi,28-Mar-12,9.99,NA,N/A),"20,000?..?50,000",00:00,00:00,MumboJumbo,MumboJumbo
289,Dungeonbowl - Knockout Edition,2-Jul-12,12.99,NA,N/A),"20,000?..?50,000",00:00,00:00,Cyanide Studio,Bigben Interactive
295,Inversion,26-Jul-12,9.99,0.15,55),"20,000?..?50,000",00:00,00:00,Saber Interactive,BANDAI NAMCO Entertainment
299,Sherlock Holmes and The Hound of The Baskervilles,23-Apr-12,9.99,0.58,83),"20,000?..?50,000",00:00,00:00,Waterlily Games,Frogwares
311,BANZAI PECAN: The Last Hope For the Young Century,6-Aug-12,2.99,0.55,82),"20,000?..?50,000",00:00,00:00,SERIOUS*IMPACT WORKS,"Zanza Studios, LLC."
317,Storm in a Teacup,19-Jan-12,4.99,NA,N/A),"20,000?..?50,000",00:00,00:00,Cobra Mobile,Cobra Mobile
322,3DMark 11,2-Oct-12,19.99,NA,N/A),"20,000?..?50,000",00:00,00:00,UL,UL
324,Warp,21-Mar-12,9.99,0.36,72),"20,000?..?50,000",00:00,00:00,Trapdoor Inc.,Electronic Arts
330,Crazy Machines Elements,10-Feb-12,9.99,NA,N/A),"20,000?..?50,000",00:00,00:00,Fakt Software,Viva Media
335,Jane's Advanced Strike Fighters,8-Mar-12,9.99,0.04,31),"20,000?..?50,000",00:00,00:00,Trickstar Games,Deep Silver
336,Roller Coaster Rampage,19-Jun-12,9.99,0.16,57),"20,000?..?50,000",00:00,00:00,Pantera Entertainment,Pantera Entertainment
341,Cladun X2 / ?Ø„É©?∑„??Ø„??≥„Ç∏?ß„É≥X2,14-Aug-12,9.99,0.47,78),"20,000?..?50,000",00:00,00:00,System Prisma,"NIS America, Inc."
345,Mutant Storm: Reloaded,21-Mar-12,4.99,NA,N/A),"20,000?..?50,000",00:00,00:00,PomPom Games,PomPom Games
349,Midnight Mysteries: Salem Witch Trials,28-Mar-12,9.99,NA,N/A),"20,000?..?50,000",00:00,00:00,MumboJumbo,MumboJumbo
354,AVSEQ,23-Aug-12,1.99,NA,N/A),"20,000?..?50,000",00:00,00:00,Big Robot Ltd,Big Robot Ltd
361,Fowl Space,21-Mar-12,4.99,0.18,59),"20,000?..?50,000",00:00,00:00,Pixelante Game Studios,Pixelante Game Studios
370,Train of Afterlife,13-Jan-12,9.99,0.16,57),"20,000?..?50,000",00:00,00:00,Zeiva Inc,Zeiva Inc
382,Conquest of Elysium 3,24-Oct-12,9.99,0.51,80),"20,000?..?50,000",00:00,00:00,Illwinter Game Design,Illwinter Game Design
384,New Star Soccer 5,27-Sep-12,14.99,0.23,63),"20,000?..?50,000",00:00,00:00,New Star Games,New Star Games
14,Total War: Shogun 2 - Fall of the Samurai,22-Mar-12,29.99,0.97,97/86),"0?..?20,000",00:00,00:00,"CREATIVE ASSEMBLY, Feral Interactive,Mac), Feral Interactive,Linux)","SEGA, Feral Interactive,Mac), Feral Interactive,Linux)"
86,Din's Curse,22-Aug-12,9.99,0.63,85/76),"0?..?20,000",00:00,00:00,Soldak Entertainment,Soldak Entertainment
111,MDK2 HD,30-Jul-12,14.99,0.13,53/73),"0?..?20,000",00:00,00:00,Overhaul Games,Interplay Inc.
135,Check vs Mate,16-Aug-12,19.99,0.18,59/69),"0?..?20,000",00:00,00:00,Targem Games,Topware Interactive
164,Rigonauts,7-Aug-12,9.99,NA,N/A/60),"0?..?20,000",00:00,00:00,"Engient, Inc",Engient
186,Tryst,14-Sep-12,14.99,NA,N/A/50),"0?..?20,000",00:00,00:00,BlueGiant Interactive,BlueGiant Interactive
193,Deep Black: Reloaded,18-Apr-12,29.99,0.03,25/39),"0?..?20,000",00:00,00:00,Biart,Strategy First
195,Fray: Reloaded Edition,19-Jun-12,NA,NA,N/A/27),"0?..?20,000",00:00,00:00,Brain Candy,Brain Candy
199,Tropical Fish Shop 2,10-Feb-12,3.99,NA,N/A),"0?..?20,000",00:00,00:00,Rainbow Games,Rainbow Games
201,INIT.,6-Jun-12,1.99,NA,N/A),"0?..?20,000",00:00,00:00,Narrow Monolith,Narrow Monolith
204,Aerofly FS 1 Flight Simulator,17-Oct-12,19.99,0.21,61),"0?..?20,000",00:00,00:00,IPACS,IPACS
205,Streets of Rage 3,2-May-12,0.99,NA,N/A),"0?..?20,000",00:00,00:00,,SEGA
206,Phantasy Star II,2-May-12,0.99,NA,N/A),"0?..?20,000",00:00,00:00,,SEGA
210,Tobari and the Night of the Curious Moon,11-Aug-12,9.99,0.53,81),"0?..?20,000",00:00,00:00,desunoya,Sekai Project
212,Abandoned: Chestnut Lodge Asylum,1-Apr-12,6.99,NA,N/A),"0?..?20,000",00:00,00:00,Lazy Turtle Games,"Tri Synergy, Inc."
223,Decisive Campaigns: Case Blue,16-Jul-12,39.99,NA,N/A),"0?..?20,000",00:00,00:00,VR Designs,Slitherine Ltd.
225,Elansar,1-Aug-12,1.99,NA,N/A),"0?..?20,000",00:00,00:00,OrionSoft,OrionSoft
229,VectorMan 2,2-May-12,0.99,NA,N/A),"0?..?20,000",00:00,00:00,,SEGA
233,Bumbledore,15-Mar-12,4.99,NA,N/A),"0?..?20,000",00:00,00:00,Nimbly Games,Nimbly Games
236,Call of the Ninja!,23-Apr-12,6.99,NA,N/A),"0?..?20,000",00:00,00:00,Lee Page,TeraBit Software
243,Legends of Atlantis: Exodus,9-Apr-12,6.99,NA,N/A),"0?..?20,000",00:00,00:00,Alder Games,Legacy Games
250,Great Big War Game,28-Aug-12,6.99,NA,N/A),"0?..?20,000",00:00,00:00,Rubicon Development,Rubicon Development
254,Phineas and Ferb: New Inventions,10-Feb-12,19.99,NA,N/A),"0?..?20,000",00:00,00:00,PIPE Studio,Disney Interactive
258,Scary Girl,9-Apr-12,6.99,NA,N/A),"0?..?20,000",00:00,00:00,TikGames,Square Enix
259,Playing History - The Plague,14-Nov-12,3.99,NA,N/A),"0?..?20,000",00:00,00:00,Serious Games Interactive,Serious Games Interactive
263,The Revenge of Shinobi,2-May-12,0.99,NA,N/A),"0?..?20,000",00:00,00:00,,SEGA
265,Miner Warfare,6-Apr-12,2.99,0.55,82),"0?..?20,000",00:00,00:00,Heartbit Interactive,Heartbit Interactive
269,Miner Wars Arena,28-Aug-12,4.99,NA,N/A),"0?..?20,000",00:00,00:00,Keen Software House,Keen Software House
272,Sleeping Dogs: Ghost Pig,2-Nov-12,0,NA,N/A),"0?..?20,000",00:00,00:00,United Front Games,Square Enix
281,Colour Bind,24-Sep-12,9.99,NA,N/A),"0?..?20,000",00:00,00:00,Finn Morgan,Puppy Punch Productions
287,East Tower - Akio,25-Jul-12,4.99,0.47,78),"0?..?20,000",00:00,00:00,roseVeRte,roseVeRte
290,Disney Mickey's Typing Adventure,10-Dec-12,19.99,NA,N/A),"0?..?20,000",00:00,00:00,Individual Software Inc.,Disney Interactive
294,Choice of Kung Fu,19-Dec-12,4.99,NA,N/A),"0?..?20,000",00:00,00:00,Choice of Games,Choice of Games
297,East Tower - Takashi,27-Nov-12,5.99,NA,N/A),"0?..?20,000",00:00,00:00,roseVeRte,roseVeRte
298,Damage Inc. Pacific Squadron WWII,28-Aug-12,39.99,NA,N/A),"0?..?20,000",00:00,00:00,Trickstar Games,Mad Catz
300,Golden Axe III,2-May-12,0.99,NA,N/A),"0?..?20,000",00:00,00:00,,SEGA
301,Test Drive: Ferrari Racing Legends,10-Dec-12,19.99,0.15,55),"0?..?20,000",00:00,00:00,Slightly Mad Studios,Evolved Games
304,Close Combat - Panthers in the Fog,19-Nov-12,39.99,0.21,61),"0?..?20,000",00:00,00:00,Matrix Games,Slitherine Ltd.
306,Dynamite Headdy,2-May-12,0.99,NA,N/A),"0?..?20,000",00:00,00:00,,SEGA
313,Ballads of Reemus: When the Bed Bites,27-Jan-12,4.99,NA,N/A),"0?..?20,000",00:00,00:00,ClickShake Games LLC,ClickShake Games LLC
316,Hidden Mysteries: Titanic,1-Jan-12,4.99,NA,N/A),"0?..?20,000",00:00,00:00,Gunnar Games,GameMill Entertainment
326,Phantasy Star IV: The End of the Millennium,2-May-12,0.99,NA,N/A),"0?..?20,000",00:00,00:00,,SEGA
332,Space Ark,16-Mar-12,4.99,NA,N/A),"0?..?20,000",00:00,00:00,Strawdog Studios Ltd,Bounce Entertainment
334,ToeJam & Earl in Panic on Funkotron,14-Mar-12,0.99,NA,N/A),"0?..?20,000",00:00,00:00,SEGA,SEGA
338,Silo 2,19-Dec-12,99.99,0.38,73),"0?..?20,000",00:00,00:00,Nevercenter Ltd. Co.,Nevercenter Ltd. Co.
339,Wonder Boy in Monster World,2-May-12,0.99,NA,N/A),"0?..?20,000",00:00,00:00,,SEGA
348,Atooms to Moolecules Demo,6-Apr-12,0,NA,N/A),"0?..?20,000",00:00,00:00,BitSits Games,BitSits Games
356,SEAL Team 12,26-Apr-12,1.99,NA,N/A),"0?..?20,000",00:00,00:00,Social Loner Studios,Social Loner Studios
358,Beyond Oasis,2-May-12,0.99,NA,N/A),"0?..?20,000",00:00,00:00,,SEGA
363,Nancy Drew: Tomb of the Lost Queen,16-May-12,19.99,NA,N/A),"0?..?20,000",00:00,00:00,HeR Interactive,HeR Interactive
365,Hubert's Island Adventure: Mouse o' War,27-Jan-12,4.99,NA,N/A),"0?..?20,000",00:00,00:00,Cheese and Bacon Games,Cheese and Bacon Games
367,Phantasy Star III: Generations of Doom,2-May-12,0.99,NA,N/A),"0?..?20,000",00:00,00:00,,SEGA
381,Rotastic,11-Oct-12,9.99,NA,N/A),"0?..?20,000",00:00,00:00,Dancing Dots,Focus Home Interactive
383,Nancy Drew: The Deadly Device,23-Oct-12,19.99,NA,N/A),"0?..?20,000",00:00,00:00,"HeR Interactive, Inc.",HeR Interactive
