Name,CriticRate,CriticNum,UserRate,UserNum
1849,60,"6","
5.5
    ",4
"""Glow Ball"" - The billiard puzzle game",0,0,0,0
//N.P.P.D. RUSH//- The milk of Ultraviolet,0,0,"
4.4
    ",7
10 Second Ninja,72,"
    13
","
7.4
    ",15
100% Orange Juice,0,"
    1
","
7.3
    ",20
1001 Spikes,80,"
    4
","
6.9
    ",16
1953: 0TO vs Warsaw Pact,0,0,0,0
1954 Alcatraz,58,"
    24
","
6.3
    ",36
1HEART,0,0,0,0
1Quest,0,0,0,0
3 Stars of Destiny,0,"
    2
","
8.8
    ",48
300 Dwarves,0,0,0,0
3089 -- Futuristic Action RPG,0,0,"
6.9
    ",11
4PM,41,"
    7
","
4.2
    ",26
4x4 Dream Race,0,0,0,0
6180 the moon,0,0,"
7.8
    ",8
7 Wonders of the Ancient World,0,0,0,0
7 Wonders: Magical Mystery Tour,0,0,0,0
"7,62 High Calibre",0,0,0,0
7th Legion,0,0,"
6.0
    ",4
8-Bit Commando,0,0,0,0
8BitBoy,64,"
    4
","
5.6
    ",12
9 Clues: The Secret of Serpent Creek,0,0,"
6.6
    ",10
99 Levels To Hell,66,"
    5
","
7.1
    ",18
A Bird Story,66,"
    18
","
7.0
    ",124
A City Sleeps,61,"
    11
","
5.8
    ",4
A Date in the Park,0,0,"
4.4
    ",5
A Golden Wake,68,"
    17
","
6.0
    ",20
A Story About My Uncle,73,"
    24
","
7.2
    ",95
A Vampyre Story,75,"
    33
",0,0
A Wizard's Lizard,0,"
    2
","
7.1
    ",12
A.I.M.2 Clan Wars,0,0,"
7.6
    ",7
A.R.E.S. Extinction Agenda EX,0,"
    2
",0,0
Abalone,0,0,0,0
"About Love, Hate and the other ones",0,"
    1
",0,0
Abyss Odyssey,69,"
    26
","
7.4
    ",79
Abyss: The Wraiths of Eden,0,"
    1
","
6.3
    ",10
Acceleration of SUGURI X-Edition HD,0,0,0,0
ACE - Arena: Cyber Evolution,0,0,8,6
Aces Wild: Manic Brawling Action!,0,0,"
7.3
    ",6
Across the Rhine,0,0,0,0
Actual Sunlight,77,"
    4
","
6.5
    ",15
Advanced Tactics Gold,0,0,0,0
Adventure Chronicles: The Search For Lost Treasure,0,0,0,0
Adventure Time: Finn and Jake's Epic Quest,0,"
    3
","
7.1
    ",13
Adventurer Manager,0,"
    1
","
8.0
    ",4
Aeon Command,0,0,"
6.8
    ",5
aerofly RC 7,0,0,0,0
Agarest: Generations of War,45,"
    5
","
6.8
    ",102
Agarest: Generations of War Zero,0,"
    1
","
6.2
    ",21
Age of Mythology: Extended Edition,66,"
    7
","
7.1
    ",127
Age of Wonders III,80,"
    35
","
8.0
    ",556
Aggression: Europe Under Fire,0,0,0,0
Airline Tycoon Deluxe,0,0,0,0
Airship Dragoon,0,"
    1
",0,0
Akane the Kunoichi,0,"
    1
","
3.8
    ",8
Akaneiro: Demon Hunters,53,"
    15
","
6.5
    ",36
Al Emmo and the Lost Dutchman's Mine,77,"
    7
","
7.5
    ",20
Alcatraz Builder,0,0,0,0
Alchemy Mysteries: Prague Legends,0,0,"
4.6
    ",8
Alea Jacta Est,0,"
    3
","
5.4
    ",10
Alien Carnage / Halloween Harry,0,0,0,0
Alien: Isolation,81,"
    41
","
8.5
    ",1758
ALLTYNEX Second,0,"
    1
",0,0
Alpha Kimori 1,0,"
    3
","
4.2
    ",5
Alpha Zylon,0,0,"
3.2
    ",6
Altitude0: Lower & Faster,0,0,0,0
Always Remember Me,0,"
    1
",0,0
Always Sometimes Monsters,73,"
    26
","
7.2
    ",81
Amazing Frog?,0,0,0,0
Amazing Princess Sarah,0,"
    1
",0,0
Ame no Marginal -Rain Marginal-,0,"
    2
",0,0
A-Men,0,"
    1
",0,0
Amerzone: The Explorer's Legacy,0,0,0,0
Among the Sleep - Enhanced Edition,66,"
    40
","
7.5
    ",203
Amphora,0,"
    2
","
6.9
    ",7
Ampu-Tea,0,0,"
2.2
    ",6
Anarchy Arcade,0,0,0,0
Ancient Space,68,"
    17
","
7.4
    ",54
Angels of Fasaria: Version 2.0,0,0,0,0
Angvik,0,0,0,0
Anmynor Puzzles,0,"
    1
",0,0
Anomaly Defenders,70,"
    14
","
6.5
    ",31
Another Perspective,0,"
    1
",0,0
Another Star,0,0,0,0
Antisquad,0,0,"
4.5
    ",4
Appointment With FEAR,0,"
    1
",0,0
Aqua Kitty - Milk Mine Defender,0,0,"
7.9
    ",7
Arcadecraft,0,"
    1
",0,0
Arcane Worlds,0,0,0,0
ArcheBlade,0,"
    1
","
7.6
    ",25
Arctic Adventure,0,0,0,0
Arctico,0,0,0,0
Aritana and the Harpy's Feather,0,2,5.5,17
AR-K,0,"
    2
","
6.2
    ",13
Ascendant,0,"
    3
","
7.5
    ",14
Ascension to the Throne,0,0,0,0
Ascension: Deckbuilding Game,0,"
    1
",0,0
Assassin's Creed Liberation HD,66,14,5.7,188
Assassin's Creed Freedom Cry,0,3,6.8,70
Assassin's Creed Unity,70,"
    10
","
3.3
    ",1613
Assetto Corsa,85,"
    17
","
8.4
    ",309
Astebreed: Definitive Edition,86,"
    14
","
7.3
    ",128
Asteria,0,0,0,0
Atajrubah,0,0,0,0
Aura Kingdom,0,0,"
6.7
    ",22
AutoTileGen,0,0,0,0
Autumn,0,0,0,0
Aveyond 3-1: Lord of Twilight,0,0,0,0
Aveyond 3-2: Gates of Night,0,0,0,0
Aviator - Bush Pilot,0,0,0,0
Avoid - Sensory Overload,0,"
    1
",0,0
B-17 Flying Fortress: The Mighty 8th,82,"
    14
","
7.5
    ",11
Back to Bed,57,"
    13
","
6.0
    ",20
Back To Life 2,0,0,0,0
Back To Life 3,0,0,0,0
Bad Mojo Redux,74,"
    12
","
7.0
    ",14
Baezult,0,0,0,0
Ballad of Solar,0,0,0,0
Banished,73,"
    32
","
8.1
    ",668
Bardbarian,0,"
    1
","
5.0
    ",20
Baron Wittard: Nemesis of Ragnarok,0,"
    2
",0,0
Baseball Mogul 2015,0,0,0,0
Basketball Pro Management 2014,0,0,0,0
Basketball Pro Management 2015,69,"
    5
",0,0
BasketBelle,0,"
    1
",0,0
Batman: Arkham Origins Blackgate - Deluxe Edition,60,"
    7
","
5.7
    ",54
Battle Academy,0,"
    1
",0,0
Battle Academy 2: Eastern Front,77,"
    6
","
6.0
    ",6
Battle Fleet 2,0,"
    1
","
7.2
    ",5
Battle Group 2,0,0,"
7.3
    ",4
Battle Islands,0,"
    1
",0,0
Battle Mages,0,0,0,0
Battle Mages: Sign of Darkness,0,0,0,0
Battle Of Europe,54,"
    11
",0,0
BattleBlock Theater,85,"
    17
","
7.9
    ",228
Battlegrounds of Eldhelm,0,0,0,0
Battlepaths,0,"
    1
","
5.3
    ",4
Battlepillars Gold Edition,0,0,"
7.3
    ",6
Battleplan: American Civil War,66,"
    4
","
6.0
    ",4
Beach Resort Simulator,0,0,0,0
BeatBlasters III,56,"
    4
","
8.0
    ",5
Bet On Soldier,56,"
    23
","
5.8
    ",32
Betrayer,62,"
    35
","
7.2
    ",129
Beware Planet Earth,68,"
    6
","
5.8
    ",6
Beyond Gravity,0,0,"
5.5
    ",4
Beyond Space Remastered Edition,0,"
    2
","
4.0
    ",5
Biglands: A Game Made By Kids,0,0,0,0
Bik - A Space Adventure,0,0,0,0
Bin Weevils Arty Arcade,0,0,0,0
Bio Menace,0,0,"
8.3
    ",6
Bionic Heart,0,0,0,0
Bionic Heart 2,0,0,0,0
Bird Assassin,0,0,0,0
bit Dungeon II,0,"
    1
","
7.6
    ",9
BIT.TRIP FLUX,0,0,0,0
Black Ice,0,0,0,0
Black Mirror I,60,"
    19
","
5.5
    ",25
Black Mirror II,71,"
    14
","
7.7
    ",53
Black Mirror III,75,"
    15
","
7.7
    ",33
Black Rainbow,0,"
    1
",0,0
Black Viper: Sophia's Fate,0,0,0,0
Blackbay Asylum,0,2,6.3,10
Blackguards,68,"
    48
","
7.2
    ",245
BlackShadows,0,0,0,0
BlackSoul: Extended Edition,22,"
    5
","
4.5
    ",28
Blackwell Epiphany,83,14,7.7,69
Blade Kitten,52,"
    10
","
7.5
    ",41
Blade Symphony,72,"
    5
","
6.6
    ",34
Blast Em!,0,0,"
3.4
    ",7
BlazBlue: Calamity Trigger,0,1,8.4,34
BlazBlue: Continuum Shift Extend,0,0,"
7.1
    ",7
BlazeRush,66,"
    8
","
8.2
    ",23
Blinding Dark,0,0,0,0
Bliss,0,"
    1
",0,0
Blitzkrieg 2 Anthology,0,0,0,0
Blitzkrieg Anthology,0,0,"
7.8
    ",6
Blob From Space,0,0,0,0
BLOCKADE 3D,0,0,0,0
Blockscape,0,0,0,0
Bloo Kid 2,0,0,0,0
Blood II: The Chosen + Expansion,72,"
    14
","
7.1
    ",50
Blood: One Unit Whole Blood,82,"
    7
","
8.8
    ",108
Bloodbath,0,"
    2
",0,0
BloodNet,0,0,0,0
BloodRayne Betrayal,0,"
    1
","
6.9
    ",16
Bloons TD 5,0,0,"
8.3
    ",6
Bombing Bastards,0,0,0,0
Boo Bunny Plague,0,"
    3
",0,0
Boot Hill Heroes,0,0,0,0
Borderlands: The Pre-Sequel,75,"
    55
","
6.3
    ",762
BorderZone,0,0,0,0
Borealis,0,0,0,0
Bosch's Damnation,0,0,0,0
Boson X,0,0,"
6.8
    ",13
Bot Colony,0,0,0,0
Bound By Flame,56,"
    42
","
6.8
    ",417
Bounders and Cads,0,0,0,0
Bravada,70,"
    6
","
7.6
    ",10
Braveland,0,"
    1
","
6.4
    ",17
Braveland Wizard,0,0,"
6.3
    ",4
Breach & Clear,0,0,"
7.0
    ",25
Brick-Force,0,"
    3
","
2.6
    ",5
Bridge Constructor Medieval,0,"
    1
",0,0
Bridge Constructor Playground,0,0,0,0
Brigade E5: New Jagged Union,41,"
    9
","
6.8
    ",37
Brink of Consciousness: The Lonely Hearts Murders,0,0,0,0
Broken Age,76,"
    19
","
7.0
    ",100
Broken Sword 4 - the Angel of Death,0,0,0,0
Burning Cars,0,"
    1
",0,0
Bus Driver,61,"
    10
","
7.1
    ",30
Buzz Aldrin's Space Program Manager,62,"
    8
","
6.6
    ",13
Cakewalk Loop Manager,0,0,0,0
Calibre 10 Racing,0,0,0,0
Call of Cthulhu: The Wasted Land,0,"
    1
","
7.4
    ",8
Call of Duty: Advanced Warfare - Gold Edition,78,"
    18
","
4.6
    ",1192
Call of Duty: Ghosts,68,"
    14
","
2.1
    ",3421
Cannon Brawl,72,"
    6
",0,0
Cannons Lasers Rockets,0,0,0,0
Canyon Capers,0,1,5.6,23
CAPSULE,0,0,0,0
Captain Morgane and the Golden Turtle,54,"
    6
","
6.2
    ",12
Car Mechanic Simulator 2014,61,"
    6
","
7.1
    ",55
Card City Nights,0,0,"
6.6
    ",15
Cargo 3,0,"
    1
","
3.0
    ",5
Carmageddon 2: Carpocalypse Now,0,0,"
8.3
    ",46
Carmageddon TDR 2000,48,"
    9
","
7.2
    ",67
Castle: Never Judge a Book by its Cover,0,0,0,0
CastleMiner Z,0,"
    1
","
2.8
    ",29
Castlevania: Lords of Shadow Mirror of Fate HD,0,"
    2
","
7.0
    ",49
Castlevania: Lords of Shadow 2,58,"
    16
","
7.7
    ",532
Catmouth Island,0,"
    1
",0,0
Catzilla 4K - Advanced,0,0,0,0
Cavern Kings,0,0,0,0
Celestial Command,0,0,0,0
Chaos Domain,0,"
    2
","
1.7
    ",9
Character Creator - Graphics Pack,0,0,0,0
Chariot,76,"
    4
","
8.2
    ",11
Cheesecake Cool Conrad,0,0,0,0
Chernobyl Commando,0,"
    1
","
1.3
    ",13
Cherry Tree High I! My! Girls!,0,0,0,0
Chess 2: The Sequel,62,"
    4
","
7.5
    ",4
Chicken Invaders 4,0,0,"
9.0
    ",4
Child of Light,77,"
    16
","
8.1
    ",514
Children of Liberty,0,0,0,0
Chip,0,0,0,0
Cho Dengeki Stryker All Ages Version,0,0,0,0
Choice of Robots,0,"
    1
","
8.6
    ",14
Choice of the Deathless,0,0,0,0
Chompy Chomp Chomp,0,"
    1
","
3.8
    ",6
Chronicles of a Dark Lord: Episode 1 Tides of Fate Complete,0,"
    1
","
6.1
    ",21
Chronology,64,"
    10
","
6.8
    ",14
Chuck's Challenge 3D,61,"
    5
","
8.2
    ",11
Cinders,0,"
    2
","
7.7
    ",9
Cinemaware Anthology: 1986-1991,0,0,0,0
Circuits,0,"
    3
","
8.3
    ",4
Civil War II,0,0,0,0
Claire,0,"
    2
","
7.6
    ",34
Clans,0,0,0,0
Clash of Puppets,0,0,0,0
Claustrophobia: The Downward Struggle,0,0,0,0
Clockwork Tales: Of Glass and Ink,0,0,6,5
Cloney,0,0,0,0
Close Combat - Gateway to Caen,0,"
    2
","
7.6
    ",9
Cloudbuilt,72,"
    17
","
7.7
    ",36
Club Manager 2015,0,"
    3
",0,0
Cobi Treasure Deluxe,0,0,"
5.8
    ",4
CoH 2 - The Western Front Armies: Oberkommando West,0,0,0,0
COH 2 - The Western Front Armies: US Forces,0,0,0,0
Coin Crypt,0,0,"
8.0
    ",4
Cold War,64,"
    21
","
6.0
    ",23
Coldfire Keep,0,0,0,0
Colin McRae Rally,0,0,"
6.4
    ",18
Collapse,0,0,"
6.5
    ",6
Colonies Online,0,0,0,0
Color Symphony,0,0,"
5.5
    ",4
Colossal Kaiju Combat: Kaijuland Battles,0,"
    1
","
4.1
    ",54
Coma: Mortuary,0,0,4.2,19
Comicado,0,0,0,0
Command HQ,0,0,0,0
Command: Modern Air / Naval Operations WOTY,0,1,4.1,54
Commander: The Great War,0,0,0,0
Commando Jack,0,"
    2
","
6.8
    ",5
Company of Heroes 2 - Ardennes Assault,80,"
    29
","
6.9
    ",117
Company of Heroes 2 - The Western Front Armies,81,"
    38
","
6.2
    ",74
Concursion,66,"
    7
","
7.5
    ",13
CONSORTIUM,66,"
    14
","
7.6
    ",55
Constant C,60,"
    6
","
7.5
    ",15
Construction Machines 2014,0,0,"
6.3
    ",4
Construction Simulator 2015,63,"
    5
","
5.1
    ",14
Continue?9876543210,62,"
    15
","
6.3
    ",27
Contraption Maker,0,0,"
8.2
    ",17
Corporate Lifestyle Simulator,0,"
    1
","
6.6
    ",9
Corto Maltese - Secrets of Venice,0,"
    1
",0,0
Cosmic DJ,0,0,"
7.3
    ",7
Cosmo's Cosmic Adventure,0,0,0,0
Costume Quest 2,68,"
    27
","
7.5
    ",33
Counter-Strike Nexon: Zombies,0,"
    2
","
4.9
    ",35
Crab Cakes Rescue,0,0,0,0
Craft The World,0,"
    2
","
8.1
    ",43
Crash And Burn Racing,0,0,0,0
Crazy Machines: Golden Gears,0,0,0,0
Crazy Plant Shop,0,0,"
8.3
    ",4
Creeper World 3: Arc Eternal,0,"
    1
","
8.5
    ",53
Cricket Captain 2014,0,0,0,0
Crimsonland,68,"
    8
","
7.4
    ",34
Crimzon Clover WORLD IGNITION,0,0,0,0
Croixleur Sigma,56,"
    6
","
6.6
    ",12
Crouching Pony Hidden Dragon,0,"
    1
",0,0
Crow,0,0,0,0
Crowntakers,70,"
    6
","
7.4
    ",14
C-RUSH,0,0,0,0
CRYENGINE - Sample Assets,0,0,0,0
CRYENGINE - Wwise Project DLC,0,0,0,0
Crystal Caves,0,0,0,0
Crystal Chip Collector,0,0,0,0
Crystals of Time,0,0,0,0
CT Special Forces: Fire for Effect,0,"
    1
",0,0
Cube & Star: An Arbitrary Love,0,"
    1
",0,0
CubeGun,0,0,0,0
Cubesis,0,0,0,0
CubeZ,0,0,0,0
Cubic Castles,0,0,"
5.6
    ",5
Cult of the Wind,0,"
    2
",0,0
Curse: The Eye of Isis,63,"
    17
","
6.6
    ",7
Cypress Inheritance: The Beginning,0,"
    1
","
1.4
    ",17
Cyto,0,"
    1
",0,0
D.W.A.R.F.S.,0,0,0,0
Daedalus - No Escape,0,"
    1
",0,0
Damned,0,0,"
8.5
    ",11
Dandelion - Wishes brought to you -,0,0,6.8,4
Dangerous,0,0,0,0
Danmaku Unlimited 2,0,"
    1
",0,0
Dark Ages,0,0,0,0
Dark Arcana: The Carnival,0,0,"
6.7
    ",6
Dark Horizons: Mechanized Corps,0,0,0,0
Dark Lore Mysteries: The Hunt For Truth,0,0,0,0
Dark Raid,0,"
    1
","
1.8
    ",30
Dark Scavenger,0,"
    3
",0,0
Dark Shadows - Army of Evil,0,"
    1
","
1.6
    ",5
DARK SOULS II,91,"
    36
","
7.2
    ",2452
DarkEnd,0,"
    1
",0,0
Darklands,0,0,0,0
Darkness Within 1: In Pursuit of Loath Nolder,52,"
    15
","
7.2
    ",19
Darkness Within 2: The Dark Lineage,0,0,"
6.1
    ",11
Darkstone,0,0,"
8.4
    ",15
Darkwind: War on Wheels,0,0,0,0
Data Hacker: Corruption,0,0,0,0
Data Hacker: Initiation,0,0,0,0
Date Warp,0,0,0,0
Daylight,51,"
    59
","
4.3
    ",198
Dead Bits,0,0,"
4.3
    ",24
Dead Effect,59,"
    8
","
6.3
    ",37
Dead Man's Draw,0,0,0,0
Dead Rising 3 Apocalypse Edition,70,"
    44
","
5.5
    ",343
Dead State: Reanimated,70,"
    16
","
6.5
    ",88
DeadCore,78,"
    11
","
6.8
    ",39
Deadlings: Rotten Edition,0,"
    1
",0,0
Deadlock II: Shrine Wars,0,0,0,0
Deadlock: Planetary Conquest,0,0,0,0
Deadly 30,0,"
    3
","
7.4
    ",25
Deadly Sin 2,0,0,0,0
Deadnaut,0,"
    3
",0,0
Deadstone,0,"
    2
",0,0
Death Rally (Classic),0,0,0,0
Death Skid Marks,0,"
    3
","
6.6
    ",8
Deep Dungeons of Doom,0,"
    1
","
8.6
    ",5
Deep Eclipse: New Space Odyssey,0,0,0,0
Deep Under the Sky,0,0,0,0
Defenders of Time,55,"
    6
",0,0
Defense Zone,0,0,0,0
Defense Zone 2,0,0,0,0
Defiance,64,"
    40
","
6.6
    ",658
Demolition Master 3D,0,0,0,0
Demon Hunter: Chronicles from Beyond,0,0,0,0
Demonlisher,0,0,0,0
Deponia: The Complete Journey,0,"
    1
","
7.2
    ",26
Depression Quest,0,"
    1
","
1.6
    ",286
Depth,65,"
    7
","
7.7
    ",116
Depth Hunter 2: Deep Dive,0,0,"
8.0
    ",5
Depths of Fear :: Knossos,48,"
    5
","
5.1
    ",12
Derrick the Deathfin,0,"
    3
",0,0
Descent,0,0,"
8.4
    ",13
Descent 2,89,6,8.7,46
Descent 3,89,"
    14
","
7.8
    ",42
Descent: FreeSpace The Great War,0,0,"
7.9
    ",17
Desert Ashes,0,0,0,0
Desert Gunner,0,0,0,0
Desert Thunder,0,"
    1
","
5.4
    ",7
Detective Case and Clown Bot in: Murder in the Hotel Lisbon,0,0,0,0
Detective Grimoire,0,"
    2
","
7.2
    ",9
Deus Ex: The Fall,45,"
    14
","
2.9
    ",167
Devil's Dare,0,"
    2
",0,0
DG2: Defense Grid 2,81,"
    21
","
6.8
    ",90
Diehard Dungeon,0,"
    1
","
5.9
    ",13
DIG IT! - A Digger Simulator,0,0,0,0
Direct Hit: Missile War,0,0,0,0
Disciples III: Reincarnation,0,"
    1
","
8.1
    ",38
Disciples Sacred Lands Gold,0,0,"
9.0
    ",4
Disney Alice in Wonderland,63,"
    4
","
5.9
    ",15
Disney Epic Mickey 2: The Power of Two,0,0,"
1.4
    ",8
Disney Fairies: Tinker Bell's Adventure,0,0,0,0
Disney G-Force,61,4,8.8,14
Disney Pirates of the Caribbean: At Worlds End,57,"
    7
","
6.6
    ",29
Disney Planes,0,0,0,0
Disney Princess: Enchanted Journey,0,0,0,0
Disney Princess: My Fairytale Adventure,0,0,0,0
Disney Tangled,0,0,0,0
Disney The Princess and the Frog,0,2,0,0
Disney TRON: Evolution,57,11,6,25
Disney Universe,0,2,0,0
Disney Winnie the Pooh,0,0,0,0
Disney.pixar Brave: The Video Game,0,0,0,0
Disney.pixar Cars 2: The Video Game,65,"
    4
","
5.0
    ",12
Disney.pixar Cars Toon: Mater's Tall Tales,0,0,0,0
Disney.pixar Toy Story 3: The Video Game,73,"
    7
","
6.6
    ",13
Disney.pixar Toy Story Mania!,0,0,0,0
Distant Worlds: Universe,81,"
    6
","
7.9
    ",97
Divine Souls F2P MMO,0,0,0,0
Divinity: Original Sin (Classic),87,"
    59
","
8.7
    ",2146
Do Not Fall,0,0,0,0
Dogs of War Online,0,0,0,0
Dokuro,59,"
    6
",0,0
Dominique Pamplemousse,62,"
    4
","
0.8
    ",5
Don Bradman Cricket 14,0,"
    1
","
8.1
    ",34
Door Kickers,83,"
    13
","
7.7
    ",92
Doorways: The Underworld,50,"
    6
","
5.3
    ",8
Double Action Dedicated Server,0,0,0,0
Double Action: Boogaloo,0,0,"
6.7
    ",12
Double Dragon: Neon,0,"
    2
","
7.8
    ",38
Draconian Wars,0,0,0,0
Dracula 2: The Last Sanctuary,68,"
    14
","
6.8
    ",19
Dracula 3: The Path of the Dragon,65,"
    11
","
7.2
    ",22
Dracula 4 and 5 - Special Steam Edition,0,0,0,0
Dracula: The Resurrection,67,"
    13
","
6.7
    ",19
Dragon: The Game,0,0,0,0
Dragons and Titans,43,"
    4
","
7.1
    ",14
Dragonsphere,0,0,0,0
DRAKERZ-Confrontation,0,0,0,0
DreadOut,55,"
    9
","
6.4
    ",95
Dream Tale,0,0,0,0
Dreamscapes: The Sandman - Premium Edition,0,0,0,0
Drifter,0,0,0,0
Driftmoon,73,"
    8
","
7.5
    ",31
Driving School Simulator,0,0,0,0
Drox Operative,74,"
    7
","
7.6
    ",20
Drunken Robot Pornography,66,"
    6
","
6.7
    ",17
Dungeon Defenders Eternity,0,1,3.7,26
Dungeon Lurk II - Leona,0,0,0,0
Dungeon of Elements,0,0,"
8.5
    ",27
Dungeon of the Endless,79,"
    29
","
7.7
    ",174
Dungeon Shooter 2,0,0,0,0
Dungeonmans,0,"
    2
",0,0
Dungeons: The Eye of Draconus,0,"
    3
",0,0
DungeonUp,0,0,0,0
Dusk 12,0,0,0,0
Dusty Revenge:Co-Op Edition,64,"
    7
","
6.9
    ",16
Dwarf Tower,0,"
    1
",0,0
Dwelvers,0,0,0,0
DY0STY WARRIORS 8: Xtreme Legends Complete Edition,71,"
    5
","
7.1
    ",78
East Tower - Kurenai,0,0,0,0
Echelon,70,"
    16
","
6.8
    ",12
Echelon: Wind Warriors,63,"
    6
","
7.8
    ",4
Echo of the Wilds,0,"
    1
",0,0
eden - 3D Screensaver,0,0,0,0
Eets Munchies,0,0,5.5,12
Eidolon,64,"
    5
","
6.4
    ",21
El Matador,54,"
    24
","
4.7
    ",34
Elastrix,0,0,0,0
Eldevin,0,0,"
6.1
    ",16
Electronic Super Joy: Groove City,0,"
    2
","
7.1
    ",7
Elegy for a Dead World,65,"
    14
","
6.0
    ",11
Elliot Quest,0,"
    3
","
5.5
    ",8
Elminage Gothic,0,"
    1
","
7.0
    ",7
Elsword,0,"
    2
","
6.8
    ",67
Empress Of The Deep,0,0,0,0
Empress Of The Deep 2: Song Of The Blue Whale,0,0,0,0
Endless Legend,82,"
    37
","
7.9
    ",492
Enemy Front,52,"
    13
","
5.7
    ",107
Enemy Mind,0,1,8.2,10
Enforcer: Police Crime Action,36,"
    5
","
5.0
    ",21
Enigmatis 2: The Mists of Ravenwood,0,0,"
7.3
    ",7
Enigmatis: The Ghosts of Maple Creek,0,0,0,0
Enola,0,"
    3
","
5.0
    ",8
Epic Battle Fantasy 4,0,0,"
7.9
    ",39
Epic Space,0,0,0,0
Epigenesis,0,"
    1
","
5.4
    ",5
Episode 1 - A Boy Learns What Fear Is,0,0,0,0
EPOCH,0,"
    1
",0,0
Eradicator,0,0,0,0
Escape Dead Island,52,"
    23
","
3.6
    ",69
Escape Goat 2,76,"
    11
","
7.5
    ",22
Escape The Lost Kingdom: The Forgotten Pharaoh,0,0,0,0
Escape The Museum,0,0,0,0
Eschalon: Book III,67,"
    5
","
6.7
    ",26
Eterium,0,"
    2
",0,0
Ethan: Meteor Hunter,59,"
    7
","
5.4
    ",12
Ether One,82,"
    20
","
6.9
    ",49
Etherlords,77,"
    11
","
7.6
    ",35
Etherlords II,78,"
    17
","
7.7
    ",48
Eufloria HD,63,9,7.6,93
Eurofighter Typhoon,69,"
    10
","
7.2
    ",13
European Fishing,0,0,0,0
Everlasting Summer,0,0,"
9.1
    ",414
EVGA Precision XOC,0,0,0,0
Evil Pumpkin: The Lost Halloween,0,"
    1
","
8.0
    ",5
EvilQuest,0,0,"
8.3
    ",4
Evolution RTS,0,0,0,0
Evopollution,0,0,0,0
Exodus,0,0,0,0
eXperience 112,0,0,0,0
Explodemon,0,0,0,0
Extreme Roads USA,0,0,0,0
F1 2014,61,"
    20
","
4.8
    ",66
F-117A Nighthawk Stealth Fighter 2.0,0,0,0,0
Fable Anniversary,0,"
    2
","
4.9
    ",112
Fabula Mortis,0,0,0,0
Faces of War,67,"
    21
","
8.5
    ",71
Fading Hearts,0,"
    1
","
3.6
    ",5
Faery - Legends of Avalon,59,"
    10
","
6.6
    ",21
FaeVerse Alchemy,0,0,0,0
"Fairy Tale About Father Frost, Ivan and Nastya",0,0,0,0
Fall of the New Age Premium Edition,0,0,0,0
Famaze,0,0,0,0
Fancy Skulls,0,0,0,0
Fantasy Grounds,0,"
    1
",0,0
Far Cry 4,80,"
    17
","
6.8
    ",1238
Farm for your Life,0,0,"
8.3
    ",9
Farm Frenzy 4,0,0,0,0
Farm Machines Championships 2014,0,"
    3
",0,0
Farming Simulator 15,64,"
    18
","
7.3
    ",84
Farming World,0,"
    2
","
3.8
    ",4
FarSky,0,"
    1
","
7.2
    ",20
Fat Chicken,0,"
    2
",0,0
FATE: The Cursed King,0,0,0,0
FATE: The Traitor Soul,0,0,"
6.4
    ",5
FATE: Undiscovered Realms,0,"
    2
","
6.2
    ",6
Fatty Bear's Birthday Surprise,0,0,0,0
fault - milestone one,0,"
    2
","
7.4
    ",12
Fearless Fantasy,0,"
    3
","
7.2
    ",9
Feel-A-Maze,0,0,0,0
Fenix Rage,75,"
    20
","
6.9
    ",16
Fiesta Online 0,0,0,"
3.6
    ",19
Fight The Dragon,76,"
    6
","
8.2
    ",21
Final Dusk,0,0,0,0
FI0L FANTASY III,68,"
    4
","
6.8
    ",57
FI0L FANTASY IV,0,0,"
7.6
    ",32
FI0L FANTASY XIII,65,"
    6
","
5.4
    ",294
FI0L FANTASY XIII-2,75,"
    6
","
7.0
    ",116
FI0L FANTASY XIV Online,49,"
    26
","
3.9
    ",373
Final Rush,0,0,"
6.0
    ",4
Final Slam 2,0,0,0,0
Fingerbones,0,0,5.6,8
Firefighters 2014,0,0,"
3.0
    ",5
Fireworks Simulator,0,"
    2
",0,0
FIST OF AWESOME,0,0,"
5.3
    ",4
Fistful of Frags,0,"
    1
","
7.9
    ",36
Five Nights at Freddy's,78,"
    8
","
7.1
    ",431
Five Nights at Freddy's 2,62,"
    5
","
7.2
    ",205
FLASHOUT 2,0,0,0,0
Fleet Defender: The F-14 Tomcat Simulation,0,0,0,0
Floating Point,0,0,"
6.5
    ",11
Flockers,66,"
    11
","
5.3
    ",9
Flower Shop: Summer In Fairbrook,0,"
    1
",0,0
Flower Shop: Winter In Fairbrook,0,1,0,0
Flyhunter Origins,0,1,0,3
Foosball - Street Edition,0,0,0,0
Football Mogul 15,0,0,0,0
FootLOL: Epic Fail League,0,"
    3
","
5.9
    ",8
Foresight,0,0,0,0
Fork Parker's Holiday Profit Hike,0,"
    1
",0,0
FOTONICA,71,"
    4
","
7.7
    ",9
FRACT OSC,75,"
    25
","
6.1
    ",29
Frayed Knights: The Skull of S'makh-Daon,0,"
    2
","
8.0
    ",6
Freddi Fish 2: The Case of the Haunted Schoolhouse,0,0,0,0
Freddi Fish 3: The Case of the Stolen Conch Shell,0,0,0,0
Freddi Fish 4: The Case of the Hogfish Rustlers of Briny Gulch,0,0,0,0
Freddi Fish 5: The Case of the Creature of Coral Cove,0,0,0,0
Freddi Fish and Luther's Maze Madness,0,0,0,0
Freddi Fish and Luther's Water Worries,0,0,0,0
Freddi Fish and the Case of the Missing Kelp Seeds,0,0,0,0
Frederic: Evil Strikes Back,0,"
    1
","
5.2
    ",6
Frederic: Resurrection of Music,0,0,0,0
Freedom Fall,0,"
    2
","
7.5
    ",14
Freedom Planet,83,"
    7
","
8.3
    ",125
Freespace 2,91,"
    16
","
8.8
    ",131
Freight Tycoon Inc.,0,0,"
7.0
    ",5
Fritz Chess 14,0,0,0,0
Fritz for Fun 13,0,0,0,0
From the Depths,0,0,7.8,6
Front Page Sports Football,0,"
    1
",0,0
FRONTIERS,0,0,0,0
Frontline : Longest Day,83,"
    4
","
6.7
    ",9
Frontline : Road to Moscow,0,3,0,0
Frozen Synapse Prime,83,4,6.7,9
Full Bore,72,"
    11
","
6.7
    ",15
Full Mojo Rampage,0,"
    2
","
8.1
    ",27
Fuse,0,0,0,0
Gabriel Knight: Sins of the Fathers 20th Anniversary Edition,74,"
    38
","
7.7
    ",85
Galactic Arms Race,0,0,"
5.7
    ",7
Galactic Command Echo Squad SE,0,0,0,0
Galcon 2: Galactic Conquest,0,0,0,0
Game Character Hub,0,0,0,0
Game of Thrones - A Telltale Games Series,64,"
    21
","
6.4
    ",329
Game Tycoon 1.5,0,0,"
3.3
    ",12
GamersGoMakers,0,0,"
7.0
    ",38
Gardens Inc. :From Rakes to Riches,0,0,0,0
Gardens Inc. 2: The Road to Fame,0,0,0,0
Gates of Horizon,0,"
    1
","
8.3
    ",4
GAUGE,0,0,0,0
Gauntlet Slayer Edition,68,"
    38
","
7.1
    ",170
G-Ball,0,0,0,0
GearCity,0,0,"
7.2
    ",5
Geekbench 3,0,0,0,0
Gems of War - Puzzle RPG,0,0,"
4.6
    ",13
Gender Bender D0 Twister Extreme,0,0,0,0
Geometry Dash,0,"
    1
","
8.2
    ",58
Geometry Wars 3: Dimensions Evolved,0,0,0,0
Get Off My Lawn!,0,0,0,0
GhostControl Inc.,0,"
    3
","
7.8
    ",38
Ghostship Aftermath,0,"
    1
","
5.8
    ",44
GIGANTIC ARMY,73,"
    7
","
6.4
    ",10
Girls Like Robots,0,0,0,0
Glacier 3: The Meltdown,0,0,"
1.6
    ",10
Global ATC Simulator,0,0,0,0
Global Outbreak: Doomsday Edition,0,"
    1
",0,0
Go! Go! Nippon! ~My First Trip to Japan~,0,"
    2
","
6.4
    ",24
Goat Simulator,62,"
    39
","
6.6
    ",896
GoD Factory: Wingmen,76,"
    11
","
6.6
    ",18
Gods vs Humans,0,"
    2
",0,0
Gods Will Be Watching,64,"
    45
","
6.4
    ",133
Gold Rush! Anniversary,0,"
    3
",0,0
Gold Rush! Classic,0,0,0,0
Graviteam Tactics: Operation Star,0,0,"
7.8
    ",6
Gray Matter,72,"
    27
","
7.7
    ",90
Great Permutator,0,0,0,0
GRID Autosport,78,"
    35
","
6.3
    ",270
Gridiron Solitaire,0,0,"
8.0
    ",10
Grim Legends: The Forsaken Bride,0,0,"
8.7
    ",6
Grimind,0,"
    2
","
6.6
    ",7
Grimm,0,"
    1
","
6.3
    ",6
Ground Pounders,0,2,4.5,4
Growing Pains,0,"
    1
",0,0
GTGD S1: More Than a Gamer,0,0,0,0
GTGD S2: Just One Dev,0,0,0,0
Guacamelee! Super Turbo Championship Edition,80,"
    6
","
7.0
    ",68
Guilty Gear Isuka,0,0,"
6.6
    ",10
Guilty Gear X2 #Reload,0,"
    1
","
8.4
    ",17
Guise Of The Wolf,0,"
    3
","
0.5
    ",249
Gun Metal,0,0,"
7.7
    ",18
Gun Wings,0,0,0,0
Gunhound EX,0,"
    2
",0,0
Gunman Clive,0,"
    1
","
7.0
    ",6
Guns and Robots,0,0,0,0
Guns n Zombies,0,0,"
6.7
    ",7
Gunship!,0,0,0,0
Gunspell - Steam Edition,0,0,0,0
GunZ 2: The Second Duel,0,0,"
5.9
    ",27
Hack 'n' Slash,73,"
    14
","
5.3
    ",35
Hadean Lands,0,0,0,0
Haegemonia: Legions of Iron,0,0,0,0
Haegemonia: The Solon Heritage,0,0,0,0
Hail to the King: Deathbat,0,"
    1
",0,0
Half Minute Hero: The Second Coming,79,"
    6
","
7.0
    ",15
Halfway,69,"
    13
","
6.1
    ",17
Halo: Spartan Assault,70,"
    17
","
6.2
    ",119
Hangeki,0,0,0,0
Hard Truck Apocalypse / Ex Machina,4.5,11,8.5,56
Hard Truck Apocalypse: Arcade / Ex Machina: Arcade,0,0,0,0
Hard Truck Apocalypse: Rise Of Clans / Ex Machina: Meridian 113,0,0,"
7.7
    ",9
Hardland,0,0,0,0
Harvester,53,"
    8
","
7.9
    ",43
Hatoful Boyfriend,68,"
    35
","
7.3
    ",89
Haunt the House: Terrortown,0,0,0,0
Haunted,76,"
    5
","
7.6
    ",14
Haunted House: Cryptic Graves,0,"
    3
","
2.4
    ",5
Haunted Past: Realm of Ghosts,0,0,0,0
Hazard Ops,0,0,0,0
Heavy Bullets,72,"
    12
","
7.7
    ",7
Heavy Fire: Afghanistan,0,"
    2
","
3.2
    ",5
Hegemony Rome: The Rise of Caesar,0,"
    3
","
4.1
    ",25
Heileen 1: Sail Away,0,0,0,0
Heileen 2: The Hands Of Fate,0,0,0,0
Heileen 3: New Horizons,0,0,0,0
Heldric - The legend of the shoemaker,0,0,0,0
Helicopter Simulator 2014: Search and Rescue,0,"
    2
","
3.2
    ",5
Hell,0,0,0,0
Hero of Many,0,"
    2
",0,0
Hero Siege,0,"
    2
","
7.3
    ",44
Heroes & Legends: Conquerors of Kolhar,0,"
    1
",0,0
Heroes of a Broken Land,0,"
    2
","
5.5
    ",4
Heroes of Steel RPG,0,0,"
5.0
    ",14
Heroes Rise: HeroFall,0,0,0,0
Heroes Rise: The Hero Project,0,"
    1
",0,0
Heroes Rise: The Prodigy,0,0,0,0
Heroine's Quest: The Herald of Ragnarok,0,"
    1
","
8.2
    ",23
Hexcells,0,0,"
7.9
    ",21
Hexcells Infinite,0,0,"
8.5
    ",12
Hexcells Plus,0,0,"
7.8
    ",14
Hexus,0,0,0,0
Hidden in Plain Sight,0,0,0,0
Hidden Object Bundle 4 in 1,0,0,0,0
Hippocampal: The White Sofa,0,1,0,0
Hitman: Contracts,74,"
    27
","
7.7
    ",195
Hive,0,0,0,0
Hocus Pocus,0,0,0,0
Hollow's Land,0,0,0,0
Holy Avatar vs. Maidens of the Dead,0,0,"
7.0
    ",7
Home Sheep Home 2,0,"
    1
",0,0
Homebrew - Patent Unknown,0,0,0,0
Horizon,58,"
    14
","
6.7
    ",15
Hostile Waters: Antaeus Rising,80,"
    14
","
7.6
    ",33
Hotel Collectors Edition,0,0,0,0
"House of 1,000 Doors: Family Secrets Collector's Edition",0,0,0,0
House of 1000 Doors: The Palm of Zoroaster Collector's Edition,0,0,0,0
How to Survive,60,"
    19
","
7.0
    ",288
HTR+ Slot Car Simulation,0,0,0,0
Humanity Asset,0,"
    1
","
2.3
    ",6
Humans Must Answer,55,"
    7
","
5.3
    ",10
Hunters Of The Dead,0,"
    1
",0,0
Hyper Fighters,0,0,0,0
I Am Vegend - Zombiegeddon,0,0,0,0
I Will Escape,0,0,0,0
"I, Zombie",65,"
    4
","
5.4
    ",17
ibb & obb,83,"
    4
","
8.2
    ",17
Icewind Dale: Enhanced Edition,80,"
    13
","
7.3
    ",121
Ichi,0,0,0,0
If My Heart Had Wings,0,"
    1
","
8.5
    ",8
iGrow Game,0,0,0,0
IGT Slots Paradise Garden,0,0,0,0
IHF Handball Challenge 12,0,"
    3
",0,0
IHF Handball Challenge 14,0,0,0,0
Ikaruga,84,"
    4
","
8.1
    ",27
IL-2 Sturmovik: Battle of Stalingrad,74,"
    7
","
6.0
    ",264
Ilamentia,0,0,0,0
Imagine Earth,0,0,0,0
Imagine Me,0,0,0,0
Imperial Glory,69,"
    28
","
8.1
    ",80
Incoming Forces,67,"
    10
","
5.8
    ",8
Indie Graphics Bundle - Royalty Free Sprites,0,0,0,0
Industry Empire,0,"
    2
","
2.3
    ",6
Inescapable,0,0,0,0
Infested Planet,75,"
    13
","
7.6
    ",45
Infinite Game Works Episode 0,0,0,0,0
Infinity Runner,56,"
    8
","
6.5
    ",6
Infinity Wars: Animated Trading Card Game,0,"
    1
","
7.7
    ",75
Influent,0,"
    1
","
7.5
    ",4
Inherit the Earth: Quest for the Orb,0,0,0,0
Insanity's Blade,0,"
    1
",0,0
Inside The Gear,0,0,0,0
Instant Dungeon!,0,"
    2
",0,0
Insurgency,74,"
    24
","
8.7
    ",550
International Snooker,0,"
    1
","
5.0
    ",4
Into Blue Valley,0,"
    2
",0,0
Into the Dark: Ultimate Trash Edition,0,"
    1
",0,0
iO,0,"
    1
",0,0
Ionball 2: Ionstorm,70,"
    4
","
6.3
    ",9
Iron Fisticle,0,"
    3
",0,0
Iron Soul,0,0,"
2.5
    ",8
Iron Storm,69,"
    16
","
5.6
    ",24
Isomer,0,0,0,0
It's A Wipe!,0,"
    1
",0,0
It's time to get out from the solar system,0,0,0,0
J.U.L.I.A.: Among the Stars,71,"
    9
","
7.6
    ",23
Jacob Jones and the Bigfoot Mystery : Episode 1,0,0,0,0
Jacob Jones and the Bigfoot Mystery : Episode 2,0,0,0,0
Jagged Alliance 1: Gold Edition,0,0,0,0
Jagged Alliance Flashback,52,"
    10
","
4.3
    ",75
Jamsouls,0,0,0,0
Jane Angel: Templar Mystery,0,0,0,0
Jazzpunk: Director's Cut,75,"
    43
","
7.7
    ",134
Jet Car Stunts,57,"
    9
","
7.4
    ",5
Jet Gunner,0,0,"
6.7
    ",6
Jets'n'Guns Gold,0,0,0,0
Joe Dever's Lone Wolf HD Remastered,78,"
    13
","
6.8
    ",21
Journal,59,"
    4
","
6.2
    ",10
Journey of the King,0,0,0,0
JUJU,65,"
    4
","
8.0
    ",6
KAMI,0,"
    2
","
7.7
    ",7
KAMUI,0,"
    1
",0,0
Karos,0,0,0,0
KEL Reaper of Entropy,0,0,0,0
Khet 2.0,0,0,0,0
Kick-Ass 2,0,"
    2
","
1.9
    ",15
KickBeat Steam Edition,66,"
    7
","
7.4
    ",14
Kill Fun Yeah,0,0,0,0
Kill The Bad Guy,62,"
    6
","
5.4
    ",9
Killer is Dead - Nightmare Edition,71,8,6.4,94
Killing Floor - Toy Master,0,0,0,0
Kinetic Void,0,"
    1
","
3.8
    ",5
Kingdom Elemental,0,0,0,0
Kingdom Rush,0,"
    2
","
8.5
    ",56
Kingdom Tales,0,"
    1
",0,0
Kingdom Tales 2,0,0,0,0
King's Bounty: Dark Side,73,"
    13
","
6.3
    ",70
Knightmare Tower,0,"
    1
","
5.8
    ",6
Konung 2,35,"
    4
","
6.8
    ",21
Konung 3: Ties of the Dynasty,0,0,"
5.7
    ",6
Koya Rift,0,0,0,0
Kraven Manor,58,"
    4
","
6.1
    ",16
Krita,0,0,0,0
Kromaia,68,"
    5
","
8.1
    ",7
KRUNCH,0,"
    1
",0,0
Ku: Shroud of the Morrigan,0,0,0,0
Lamia Must Die,0,0,0,0
Lands of Hope Redemption,0,0,0,0
Lantern Forge,0,"
    1
","
6.9
    ",19
LARA CROFT AND THE TEMPLE OF OSIRIS,73,"
    17
","
5.6
    ",59
Last Dream,0,0,"
8.1
    ",16
Last Inua,0,"
    1
",0,0
Last Knight: Rogue Rider Edition,0,"
    2
","
8.8
    ",4
Left in the Dark: No One on Board,0,0,0,0
Legend of Grimrock 2,85,"
    38
","
8.1
    ",354
Legends of Persia,0,"
    2
","
6.4
    ",15
Legions of Ashworld,0,"
    2
","
6.8
    ",4
Legionwood 2: Rise of the Eternal's Realm - Director's Cut,0,"
    1
",0,0
LEGO Batman3: Beyond Gotham,0,"
    3
","
6.9
    ",27
LEGO Pirates of the Caribbean: The Video Game,73,"
    11
","
6.9
    ",28
LEGO The Hobbit,68,6,6.9,8
Leona's Tricky Adventures,0,0,0,0
Lethal League,82,"
    11
","
7.7
    ",53
Let's Sing,0,0,0,0
Letter Quest: Grimm's Journey,73,"
    4
","
7.2
    ",13
LEVEL UP!,0,0,0,0
Leviathan: The Last Day of the Decade,0,0,"
8.9
    ",157
Lexica,0,0,0,0
Lichdom: Battlemage,69,"
    22
","
6.8
    ",172
Life Goes On: Done to Death,73,"
    17
","
7.2
    ",28
Life of Pixel,0,"
    2
","
5.2
    ",5
Lifeless Planet Premier Edition,59,"
    22
","
6.7
    ",128
Light,49,"
    21
","
5.1
    ",10
Lili: Child of Geos - Complete Edition,0,"
    2
","
6.7
    ",15
Line Of Defense Tactics - Tactical Advantage,47,"
    6
","
1.0
    ",61
Liquid Rhythm,0,0,0,0
LISA,78,"
    7
","
8.7
    ",101
liteCam Android: No Root Android Screen Recorder,0,0,0,0
liteCam Game: 100 FPS Game Capture,0,0,0,0
Litil Divil,0,0,0,0
Little Racers STREET,62,"
    5
","
6.8
    ",16
Loadout,72,"
    17
","
7.3
    ",445
LocoCycle,0,"
    3
","
5.9
    ",13
LogiGun,0,0,0,0
Logistics Company,0,"
    1
",0,0
Long Night,0,"
    1
","
2.6
    ",7
Lords of the Black Sun,0,"
    3
","
5.2
    ",10
Lords Of The Fallen,73,"
    36
","
6.9
    ",632
Lords of Xulima,71,"
    9
","
8.4
    ",167
Loren The Amazon Princess,0,"
    3
","
8.2
    ",13
Lost Chronicles of Zerzura,76,"
    9
","
6.9
    ",17
Lost Civilization,0,0,0,0
Lost Marbles,0,"
    3
",0,0
Lost Saga 0,0,1,6.5,11
LOVE,0,0,"
7.5
    ",4
Lovely Planet,61,"
    6
","
7.4
    ",23
Ludwig,0,0,0,0
LUFTRAUSERS,80,"
    45
","
6.8
    ",90
Lumino City,70,"
    16
","
7.6
    ",28
Luna: Shattered Hearts: Episode 1,0,0,0,0
Luxuria Superbia,0,"
    2
","
3.0
    ",6
LYNE,0,0,"
7.5
    ",22
Machines At War 3,0,"
    1
",0,0
Magic 2015 - Duels of the Planeswalkers,60,"
    25
","
3.2
    ",126
Magical Battle Festa,0,0,0,0
Magicians & Looters,0,0,0,0
Magicite,0,0,"
7.4
    ",30
Magicmaker,0,"
    1
",0,0
Magnetic By Nature,0,0,0,0
Magnifico,0,0,0,0
Majestic Nights,32,"
    5
","
3.5
    ",8
Major Mayhem,0,"
    1
","
8.0
    ",6
Major Stryker,0,0,0,0
Malevolence: The Sword of Ahkranox,0,0,0,0
Man in a Maze: Deathmatch,0,"
    1
",0,0
Manga Maker Comipo,0,0,0,0
Manhunter,0,"
    2
","
3.8
    ",8
Marauder,0,0,0,0
Marine Sharpshooter II: Jungle Warfare,52,"
    6
","
4.1
    ",13
Mars Colony:Challenger,0,0,0,0
Martial Arts: Capoeira,0,0,0,0
Marvin's Mittens,0,"
    3
","
8.5
    ",4
Mashed,0,0,"
8.0
    ",11
Masters of the World - Geopolitical Simulator 3,0,0,0,0
Math Rescue,0,0,0,0
Mathoria: It All Adds Up,0,0,0,0
Mavis Beacon Teaches Typing Family Edition,0,0,0,0
Max Gentlemen,0,0,0,0
Max: The Curse of Brotherhood,0,"
    3
","
7.5
    ",29
May's Mysteries: The Secret of Dragonville,0,"
    1
",0,0
McDROID,0,"
    3
","
7.3
    ",4
Meadowland,0,0,0,0
Mecha Ace,0,0,0,0
Mechanic Escape,0,"
    2
","
6.7
    ",13
Mega Coin Squad,56,"
    4
",0,0
Melissa K. and the Heart of Gold Collector's Edition,0,0,"
6.4
    ",7
Meltdown,0,0,"
6.3
    ",6
Memento Mori 2,0,0,0,0
Memories of a Vagabond,0,0,"
4.8
    ",5
Men of War: Assault Squad 2,68,"
    17
","
6.3
    ",114
Mercenary Kings: Reloaded Edition,0,"
    1
",0,0
Merchants of Kaidan,0,0,"
5.6
    ",20
Meridian: New World,43,"
    4
","
6.6
    ",14
Metal Dead,71,"
    4
","
6.3
    ",9
METAL GEAR RISING: REVENGEANCE,83,"
    27
","
7.9
    ",718
METAL GEAR SOLID V: GROUND ZEROES,80,"
    20
","
7.6
    ",444
Metal Planet,0,0,0,0
METAL SLUG 3,0,0,"
7.1
    ",49
METAL SLUG X,0,0,"
7.5
    ",17
Metro 2033 Redux,90,"
    5
","
8.3
    ",697
Metro: Last Light Redux,76,"
    5
","
8.2
    ",279
Metrocide,68,"
    6
",0,0
Micron,0,0,0,0
Microsoft Flight Simulator X: Steam Edition,80,"
    28
","
7.6
    ",103
Middle-earth: Shadow of Mordor,84,"
    17
","
7.9
    ",1898
Midnight Mysteries: Witches of Abraham - Collector's Edition,0,0,0,0
Might & Magic X - Legacy,71,"
    44
","
7.3
    ",328
Miko Gakkou: Second Year,0,0,0,0
Millennium - A New Hope,0,1,5.9,79
Millennium 2 - Take Me Higher,0,0,"
8.6
    ",29
Millennium 3 - Cry Wolf,0,0,8.9,33
Millennium 4 - Beyond Sunset,0,0,"
8.8
    ",26
Millennium 5 - The Battle of the Millennium,0,0,0,0
Millie,0,0,"
4.8
    ",4
Millionaire Manor,0,0,0,0
MIND: Path to Thalamus Enhanced Edition,75,"
    18
","
6.8
    ",84
Minimum,69,"
    11
","
6.5
    ",13
Mining & Tunneling Simulator,0,0,0,0
Mining Industry Simulator,0,0,0,0
Mirror Mysteries,0,0,0,0
Mirror Mysteries 2,0,0,0,0
Miscreated,0,0,0,0
Mission Control: NanoMech,0,0,0,0
Mitsurugi Kamui Hikae,0,0,"
6.9
    ",23
MODO indie 901,0,0,0,0
Moebius: Empire Rising,54,"
    40
","
6.2
    ",119
Momodora III,0,0,"
8.0
    ",7
Monochroma,55,"
    27
","
6.9
    ",117
Monomino,0,0,0,0
Monster Bash,0,0,0,0
Monster Challenge Circus,0,0,0,0
Monsters Ate My Birthday Cake,0,"
    3
",0,0
Monstro: Battle Tactics,0,0,0,0
Montas,0,0,"
5.5
    ",4
Monuments of Mars,0,0,0,0
MoonBase Commander,77,"
    13
","
6.9
    ",9
Moonlight Minions,0,0,0,0
Moorhuhn / Crazy Chicken Tales,0,0,0,0
Moorhuhn: Tiger and Chicken,0,0,0,0
Morphopolis,0,"
    2
","
6.5
    ",14
Moto Racer Collection,0,0,0,0
MotoGP14,76,"
    5
","
2.6
    ",24
MotoGP14 Compact,0,0,0,0
Motorama,0,0,0,0
Motorcycle Club,0,0,"
1.8
    ",8
Motte Island,0,0,"
3.8
    ",4
Mount Your Friends,0,"
    2
","
7.4
    ",19
Mountain,0,"
    1
","
5.2
    ",21
MouseCraft,72,"
    16
","
6.8
    ",26
Movie Studio Boss: The Sequel,0,0,0,0
Mr. Bree+,0,"
    1
","
6.4
    ",5
Muffin Knight,0,0,0,0
Munich Bus Simulator,0,0,0,0
Munin,68,"
    14
","
6.8
    ",13
Murder Miners,0,0,"
7.4
    ",11
Murdered: Soul Suspect,59,"
    22
","
7.3
    ",424
MXGP - The Official Motocross Videogame,0,"
    3
","
6.4
    ",11
MXGP - The Official Motocross Videogame Compact,0,0,0,0
My Best Friends - Cats & Dogs,0,0,0,0
My Ex-Boyfriend the Space Tyrant,0,"
    1
","
3.3
    ",7
My Lands: Black Gem Hunting,0,0,0,0
My Pet Hotel,0,0,0,0
My Pet Hotel 2,0,0,0,0
My Riding Stables: Life with Horses,0,0,0,0
My Riding Stables: Your Horse world,0,0,0,0
My Vet Practice - In the Country,0,0,0,0
Mystery Expedition: Prisoners of Ice,0,0,0,0
Mystic Towers,0,0,0,0
Mythos: The Beginning - Director's Cut,0,0,0,0
Myths Of Orion: Light From The North,0,0,0,0
NaissanceE,66,"
    12
","
7.0
    ",49
0M,0,0,0,0
Namariel Legends: Iron Lord Premium Edition,0,0,0,0
Nameless ~The one thing you must recall~,0,2,0,0
Nanofights,0,0,0,0
0RUTO SHIPPUDEN: Ultimate Ninja STORM Revolution,61,"
    4
","
6.6
    ",86
National Zombie Park,0,"
    1
",0,0
Near Impact,0,0,0,0
Nearwood - Collector's Edition,0,0,0,0
Necronomicon: The Dawning of Darkness,0,0,0,0
NEKOPARA Vol. 1,0,"
    2
","
7.0
    ",58
NEO Scavenger,77,"
    7
","
7.7
    ",58
Neocolonialism,0,0,0,0
NEStalgia,0,"
    1
","
4.5
    ",11
Nether: Resurrected,57,"
    7
","
4.6
    ",118
Never Alone (Kisima Ingitchuna),72,30,6.3,91
Neverending Nightmares,68,"
    21
","
7.1
    ",91
New York Bus Simulator,0,0,0,0
Nicolas Eymerich - The Inquisitor - Book 1 : The Plague,0,"
    1
",0,0
Nicole,0,"
    1
",0,0
Nidhogg,81,"
    43
","
6.8
    ",144
Nightmares from the Deep 2: The Siren's Call,0,0,"
7.6
    ",8
Nightmares from the Deep: The Cursed Heart,0,0,"
6.7
    ",10
Ninja Cats vs Samurai Dogs,0,"
    1
",0,0
NOBU0GA'S AMBITION: Souzou (Traditional Chinese version),0,0,0,0
Noir Syndrome,0,"
    1
","
7.6
    ",5
NoLimits 2 Roller Coaster Simulation,0,"
    1
","
8.3
    ",4
Northmark: Hour of the Wolf,0,"
    1
",0,0
Nosferatu: The Wrath of Malachi,70,"
    26
","
7.5
    ",44
Nostradamus: The Last Prophecy,70,"
    10
","
5.9
    ",8
NS2: Combat,0,0,0,0
Numba Deluxe,0,0,0,0
Nux,0,0,0,0
Oblivious Garden ~Carmina Burana,0,0,0,0
Obludia,0,0,0,0
Obscure,63,"
    21
","
7.7
    ",52
Obscure II (Obscure: The Aftermath),59,"
    10
","
7.5
    ",30
OCEAN CITY RACING: Redux,0,"
    1
","
6.4
    ",5
Octodad: Dadliest Catch,69,"
    44
","
7.6
    ",222
Of Guards And Thieves,0,0,0,0
Oknytt,61,"
    4
","
7.6
    ",24
OlliOlli,78,"
    12
","
6.7
    ",28
OMG Zombies!,0,"
    3
","
5.2
    ",5
One Day For Ched,0,0,"
5.3
    ",8
One Finger Death Punch,0,"
    3
","
8.6
    ",122
One Late Night: Deadline,0,"
    1
","
3.7
    ",7
One Way Heroics,0,"
    3
","
7.5
    ",26
Oniken: Unstoppable Edition,0,2,6.9,21
Only If,39,"
    4
","
5.6
    ",57
ORB,68,"
    13
",0,0
Orbital Gear,59,"
    6
","
6.9
    ",9
Orborun,0,"
    3
",0,0
Orc Attack: Flatulent Rebellion,0,"
    3
",0,0
Organic Panic,0,0,0,0
Original War,61,"
    9
","
8.8
    ",71
OTTTD,0,"
    2
",0,0
Our Darker Purpose,74,"
    4
","
7.0
    ",23
Outcast 1.1,0,0,0,0
Outland,83,"
    8
","
7.3
    ",52
Over The Void,0,0,0,0
Overcast - Walden and the Werewolf,0,"
    1
","
5.3
    ",11
Pacific Liberation Force,0,0,0,0
PAC-MAN MUSEUM,0,0,"
5.2
    ",5
Paganitzu,0,0,0,0
Pajama Sam 2: Thunder And Lightning Aren't So Frightening,0,0,0,0
Pajama Sam 3: You Are What You Eat From Your Head To Your Feet,0,0,0,0
Pajama Sam 4: Life Is Rough When You Lose Your Stuff!,0,0,0,0
Pajama Sam: Games to Play on Any Day,0,0,0,0
Pajama Sam: No Need to Hide When It's Dark Outside,0,0,0,0
Pajama Sam's Lost & Found,0,0,0,0
Pajama Sam's Sock Works,0,0,0,0
Pandora: First Contact,68,"
    12
","
7.4
    ",51
Panzer Corps,80,"
    12
","
7.5
    ",75
Panzer Elite Action Gold Edition,0,0,0,0
Panzer Tactics HD,69,"
    11
",0,0
Paper Monsters Recut,0,"
    1
",0,0
Paper Sorcerer,73,"
    7
","
6.7
    ",33
Paradigm Shift,0,0,0,0
Paranautical Activity: Deluxe Atonement Edition,0,2,6.8,32
Paranormal State: Poison Spring,0,0,"
6.8
    ",4
Parkan 2,0,0,"
6.1
    ",8
Particulars,74,"
    5
",0,0
Passing Pineview Forest,0,0,0,0
Pe-2: Dive Bomber,0,0,0,0
Perimeter,77,"
    39
","
7.6
    ",34
Perimeter: Emperor's Testament,72,"
    15
",0,0
Perpetuum,0,0,"
8.3
    ",10
Pharaoh's Tomb,0,0,0,0
Philia : the Sequel to Elansar,0,0,0,0
Phoenix Force,0,0,0,0
Pier Solar and the Great Architects,73,"
    4
","
6.6
    ",16
Pilot Brothers,0,0,"
8.3
    ",4
Pilot Brothers 2,0,0,0,0
Pineview Drive,58,"
    5
","
5.7
    ",21
Pirate Hell,0,0,0,0
Pitiri 1977,0,0,0,0
Pivvot,0,0,0,0
Pixel Boy and the Ever Expanding Dungeon,0,"
    3
",0,0
Pixel Hunter,0,"
    1
","
4.0
    ",5
Pixel Piracy,0,0,"
6.7
    ",84
Pixel Puzzles: Japan,0,0,"
5.4
    ",10
Pixel Puzzles: UndeadZ,0,2,4.1,7
Planet Alcatraz,0,0,"
6.8
    ",10
Planet Stronghold,0,0,"
7.0
    ",5
planetarian ~the reverie of a little planet~,0,"
    2
","
7.7
    ",16
Platformines,67,"
    10
","
7.0
    ",5
Platypus,0,0,0,0
Platypus II,0,0,0,0
Point Perfect,0,"
    1
",0,0
Polarity,0,"
    1
","
4.6
    ",8
Poltergeist: A Pixelated Horror,70,"
    4
",0,0
POP: Methodology Experiment One,0,0,0,0
Post Master,0,"
    2
",0,0
Potatoman Seeks the Troof,0,"
    1
","
5.8
    ",4
Power-Up,0,0,"
4.0
    ",4
Pox Nora,0,"
    1
","
7.9
    ",7
Praetorians,78,"
    23
","
7.7
    ",44
Prelogate,0,0,0,0
Pressured,0,0,0,0
Pretentious Game,0,0,0,0
Prime World,65,"
    6
","
7.0
    ",68
Princess Isabella,0,0,0,0
Princess Isabella - Return of the Curse,0,0,0,0
Princess Remedy in a World of Hurt,0,0,"
7.6
    ",7
Pro Cycling Manager 2014,67,"
    11
","
6.5
    ",6
Pro Rugby Manager 2015,0,"
    2
",0,0
Pro Wrestling X,0,0,0,0
Probability 0,0,"
    1
",0,0
Probably Archery,0,"
    2
","
4.3
    ",7
Procyon,0,0,0,0
Professor Teaches Photoshop Creative Cloud,0,0,0,0
Project Root,0,"
    1
",0,0
Project Temporality,58,"
    6
",0,0
Prophour23,0,"
    1
",0,0
Proxy Blade Zero,0,0,0,0
Psichodelya,0,0,0,0
Psy High,0,0,0,0
Pulstar,0,"
    2
","
5.0
    ",4
Pure Pool,68,"
    6
","
6.9
    ",11
Putt-Putt and Fatty Bear's Activity Pack,0,0,0,0
Putt-Putt and Pep's Balloon-o-Rama,0,0,0,0
Putt-Putt and Pep's Dog on a Stick,0,0,0,0
Putt-Putt Enters the Race,0,0,0,0
Putt-Putt Goes to the Moon,0,0,0,0
Putt-Putt Joins the Circus,0,0,0,0
Putt-Putt Joins the Parade,0,"
    1
",0,0
Putt-Putt Saves The Zoo,0,0,0,0
Putt-Putt Travels Through Time,0,0,0,0
Putt-Putt: Pep's Birthday Surprise,0,0,0,0
Pyrite Heart,0,"
    1
",0,0
Q*bert: Rebooted,0,0,0,0
Q.U.B.E: Director's Cut,0,"
    1
","
7.0
    ",20
Qbeh-1: The Atlas Cube,72,"
    5
","
7.8
    ",9
QbQbQb,0,0,0,0
Qora,63,"
    4
",0,0
QP Shooting - Dangerous!!,0,"
    1
",0,0
Quake Live,0,"
    1
","
8.2
    ",86
QUALIA 3: Multi Agent,0,0,0,0
Quantum Flux,0,0,0,0
Quantum Rush Champions,0,"
    2
",0,0
Quest for Infamy,63,"
    9
","
7.4
    ",36
Quest of Dungeons,0,"
    3
","
6.4
    ",10
QuestRun,0,"
    3
","
5.2
    ",5
Qvadriga,72,"
    5
","
4.7
    ",13
Rabbit Hole 3D: Steam Edition,0,0,0,0
Race To Mars,0,0,0,0
Racer 8,0,0,"
6.0
    ",9
Radiant Defense,0,0,0,0
RADical ROACH Remastered,0,"
    1
","
6.5
    ",11
Rage Runner,0,0,0,0
Raiden III Digital Edition,0,"
    1
",0,0
Railroad Pioneer,50,"
    4
","
7.3
    ",13
Railroad X,0,0,0,0
Rambo The Video Game: Baker Team,34,22,1.6,287
Randal's Monday,57,"
    30
","
6.7
    ",58
Raptor: Call of the Shadows (1994 Classic Edition),0,0,"
8.3
    ",4
RC Cars,65,"
    19
","
6.2
    ",15
Real Boxing,0,"
    1
","
6.6
    ",16
Real Horror Stories Ultimate Edition,0,0,"
2.9
    ",15
Realms of Arkania 1 - Blade of Destiny Classic,18,"
    5
","
2.9
    ",67
Realms of Arkania 2 - Star Trail Classic,0,0,0,0
Realms of Arkania 3 - Shadows over Riva Classic,0,0,8.7,14
Realms of Chaos,0,0,0,0
Realms of the Haunting,0,0,"
7.3
    ",11
realMyst: Masterpiece Edition,0,"
    2
","
8.8
    ",8
Reaper - Tale of a Pale Swordsman,0,"
    2
","
6.5
    ",12
Recovery Search & Rescue Simulation,0,"
    1
","
2.0
    ",5
Recruits,0,0,0,0
RECYCLE,0,"
    1
",0,0
Red Johnson's Chronicles - 1+2 - Steam Special Edition,0,0,0,0
Redline,0,0,0,0
Redneck Racers,0,0,0,0
Redux: Dark Matters,61,"
    7
",0,0
RefleX,0,0,0,0
Reflex Arena,0,0,0,0
ReignMaker,0,0,"
8.6
    ",28
Reprisal Universe,0,"
    2
",0,0
resident evil 4 / biohazard 4,76,"
    15
","
7.5
    ",294
Residue: Final Cut,0,"
    2
",0,0
Retro City Rampage DX,0,3,6.8,12
Retro Game Crunch,0,0,0,0
Retrobooster,0,"
    1
",0,0
Return to Mysterious Island,79,"
    19
","
7.7
    ",27
Return to Mysterious Island 2,0,0,"
6.3
    ",4
Reversion - The Escape (1st Chapter),0,0,6,7
Reversion - The Meeting (2nd Chapter),0,"
    2
","
7.4
    ",5
Revolution Ace,0,"
    1
","
5.9
    ",7
REVOLVER360 RE:ACTOR,0,0,"
8.3
    ",6
Rex Nebular and the Cosmic Gender Bender,0,0,0,0
Rex Rocket,0,0,"
7.8
    ",4
Rhiannon: Curse of the Four Branches,67,"
    10
","
7.1
    ",8
Rhythm Destruction,0,"
    1
",0,0
Richard & Alice,70,"
    14
","
6.8
    ",18
Riding Star - Horse Championship!,0,0,0,0
Rift's Cave,0,0,0,0
Rime Berta,0,"
    3
",0,0
Riptide GP2,0,"
    3
","
7.7
    ",6
Rise of Nations: Extended Edition,0,0,"
7.0
    ",55
Rise of Prussia Gold,0,0,0,0
Rise of the Triad: Dark War,0,0,"
6.3
    ",7
Rise to Ruins,0,0,0,0
Risen 3 - Titan Lords,65,"
    49
","
5.7
    ",857
Rising Angels: Reborn,0,0,0,0
Rising World,0,0,0,0
Road Madness,0,0,0,0
Road Not Taken,75,"
    20
","
6.5
    ",17
Road Works,0,0,0,0
Roadside Assistance Simulator,0,0,0,0
Roaming Fortress,0,0,0,0
Robin's Island Adventure,0,0,0,0
Robin's Quest,0,0,0,0
Robot Rescue Revolution,0,0,0,0
Robotex,0,"
    1
","
1.3
    ",4
Robowars,0,0,0,0
Rock Boshers DX: Directors Cut,0,0,"
7.6
    ",5
Rock Zombie,0,0,0,0
Rocko's Quest,41,"
    4
",0,0
Rodina,0,0,0,0
Rogue Shooter: The FPS Roguelike,0,"
    1
","
6.8
    ",4
Rogue's Tale,0,"
    1
","
7.0
    ",4
RollerCoaster Tycoon 2: Triple Thrill Pack,74,"
    22
","
8.7
    ",148
RollerCoaster Tycoon: Deluxe,0,0,"
8.3
    ",11
Rollers of the Realm,68,"
    19
","
7.4
    ",30
Rooks Keep,0,0,0,0
Roommates,0,"
    1
","
6.0
    ",5
Rooms: The Main Building,0,0,0,0
Rooster Teeth vs. Zombiens,0,0,0,0
Roundabout,75,"
    9
","
7.7
    ",10
Rover Rescue,0,0,0,0
Royal Defense,0,0,0,0
Royal Quest,0,0,"
5.2
    ",11
RTS Creator,0,0,0,0
Rube Works: The Official Rube Goldberg Invention Game,0,"
    2
",0,0
Rugby Union Team Manager 2015,0,0,0,0
Rulers of Nations,63,"
    4
","
5.9
    ",7
Run For Rum,0,0,0,0
Run or Die,0,0,0,0
Runaway Express Mystery,0,0,0,0
Runers,68,"
    9
","
6.9
    ",13
Rush for Glory,0,"
    3
","
6.9
    ",10
rymdkapsel,77,"
    4
","
7.6
    ",16
Ryse: Son of Rome,61,"
    27
","
6.7
    ",574
Sacred 3,57,"
    47
","
1.5
    ",511
Saints Row IV - Reverse Cosplay Pack,0,0,0,0
Saints Row IV: Game of the Century Edition,86,45,7.4,1654
Sakura Spirit,0,"
    3
","
5.4
    ",30
Salammbo: Battle for Carthage,77,"
    5
","
7.6
    ",5
Sam Glyph: Private Eye!,0,0,0,0
Sanitarium,0,0,"
8.7
    ",67
Saturday Morning RPG,0,"
    3
","
6.7
    ",13
Save the Furries,0,0,0,0
Scania Truck Driving Simulator,0,0,"
6.0
    ",5
Schein,0,"
    3
","
7.2
    ",10
School Bus Fun,0,0,0,0
School of Dragons,0,0,0,0
Schrodinger's Cat And The Raiders Of The Lost Quark,59,"
    13
","
6.3
    ",6
Science Girls,0,0,0,0
Scooby Doo! & Looney Tunes Cartoon Universe: Adventure,0,"
    1
",0,0
Scourge: Outbreak,0,"
    1
","
7.2
    ",21
Screencheat,71,"
    7
","
7.3
    ",8
Sea Legends: Phantasmal Light Collector's Edition,0,0,0,0
Season Match,0,0,0,0
Season Match 2,0,0,0,0
Season Match 3 - Curse of the Witch Crow,0,0,0,0
Secret Agent,0,0,0,0
Secrets of Raetikon,58,8,7.1,10
See No Evil,0,"
    3
","
5.4
    ",10
Selknam Defense,0,"
    1
","
3.3
    ",4
Sentinel,0,0,0,0
Sentinel 3: Homeworld,0,0,0,0
Sentinels of the Multiverse,0,"
    1
","
8.1
    ",11
Sentris,0,"
    3
",0,0
Serena,0,"
    1
","
7.0
    ",47
Serious Sam Classics: Revolution,0,0,0,0
Shadow Ops: Red Mercury,61,"
    16
","
6.3
    ",12
Shadow Puppeteer,57,"
    5
","
5.5
    ",10
Shadow Warrior (Classic),73,"
    50
","
8.1
    ",728
Shadowcrypt,0,0,0,0
Shadowgate,68,"
    20
","
7.1
    ",44
Shadowrun: Dragonfall - Director's Cut,87,"
    5
","
8.3
    ",276
Shadows on the Vatican Act I: Greed,0,0,"
7.2
    ",10
Shadows: Heretic Kingdoms,74,"
    15
","
7.1
    ",57
Shan Gui,0,0,"
5.5
    ",6
Shannon Tweed's Attack Of The Groupies,0,"
    1
",0,0
Shantae: Risky's Revenge - Director's Cut,0,"
    1
","
8.3
    ",31
Sharpe Investigations: Death on the Seine,0,0,0,0
Shattered Planet,0,"
    3
","
7.6
    ",5
Sherlock Holmes: Crimes and Punishments,77,"
    32
","
7.7
    ",214
Shiny The Firefly,0,"
    1
",0,0
Ship Simulator: Maritime Search and Rescue,0,"
    1
",0,0
Shovel Knight: Treasure Trove,85,"
    46
","
8.0
    ",469
Sid Meier's Civilization: Beyond Earth,81,"
    78
","
5.5
    ",1043
Sigils of Elohim,0,0,0,0
Sign Motion,0,"
    2
",0,0
Signs of Life,0,0,0,0
Silence of the Sleep,66,"
    11
","
7.7
    ",30
Silent Service,0,0,0,0
Silent Service 2,0,0,0,0
SilverQuest: Gaiden,0,0,0,0
Sinister City,0,"
    1
",0,0
Sinking Island,68,"
    8
","
7.0
    ",22
"Sir, You Are Being Hunted",63,"
    25
","
6.5
    ",67
Sisyphus Reborn,0,0,0,0
Skara - The Blade Remains,0,0,0,0
Ski Region Simulator - Gold Edition,0,"
    1
",0,0
Skilltree Saga,0,"
    1
","
6.0
    ",4
Ski-World Simulator,0,0,0,0
Sky Mercenaries,0,0,0,0
Skyborn,0,0,"
8.1
    ",22
Slave Zero,0,0,"
8.5
    ",4
Sledgehammer / Gear Grinder,0,0,0,0
Sleeping Dogs: Definitive Edition,0,0,"
7.3
    ",93
Slip,0,0,0,0
Small Town Terrors Pilgrim's Hook Collector's Edition,0,0,0,0
Smooth Operators,0,0,0,0
Smugglers 5,0,0,0,0
Smugglers 5: Invasion,0,"
    3
","
6.3
    ",4
Sneaky Sneaky,63,"
    5
",0,0
Sniper Art of Victory,36,"
    7
","
3.6
    ",20
Sniper Elite 3,71,"
    29
","
6.9
    ",344
Snow Light,0,0,0,0
Snowcat Simulator,0,0,0,0
So Many Me,78,"
    7
","
7.1
    ",21
Sokobond,82,"
    7
","
7.7
    ",6
Solar Struggle,0,0,0,0
Soldiers: Heroes of World War II,77,"
    45
","
8.3
    ",51
Soul Gambler,0,0,"
6.6
    ",16
Soulbringer,70,"
    19
","
7.7
    ",28
South Park: The Stick of Truth,85,"
    48
","
8.6
    ",1926
Space Farmers,0,2,5.4,8
Space Galaxy - Graphics Pack,0,0,0,0
Space Hack,63,"
    13
","
7.7
    ",37
Space Hulk: Ascension,72,"
    13
","
7.3
    ",30
Space Legends: At the Edge of the Universe,0,0,0,0
Space Run,73,"
    17
","
7.6
    ",54
Space Salvager,0,0,0,0
Space Warp,0,0,0,0
Spacebase DF-9,49,"
    4
","
3.1
    ",51
SPACECOM,68,"
    8
","
7.6
    ",16
Spaceforce Homeworld,0,0,0,0
Spate,61,"
    4
","
6.8
    ",23
Speed Kills,0,"
    1
",0,0
SpellForce 2 - Demons of the Past,54,9,66,23
Spice Road,0,0,"
8.0
    ",7
SPINTIRES,67,"
    15
","
7.7
    ",147
Spirited Heart Deluxe,0,0,0,0
Splatter - Zombie Apocalypse,0,"
    3
","
8.0
    ",8
Split/Second,79,"
    18
","
8.1
    ",131
Spoiler Alert,0,"
    3
","
3.1
    ",7
SPORT1 Live : Duel,0,0,0,0
Sportsfriends,0,0,0,0
Sprite Lamp,0,0,0,0
Sproggiwood,0,"
    1
","
8.2
    ",5
Spud's Quest,0,"
    2
","
8.1
    ",16
Spy Chameleon - RGB Agent,0,0,"
6.9
    ",8
"Spy Fox 2 ""Some Assembly Required""",0,0,0,0
"Spy Fox 3 ""Operation Ozone""",0,0,0,0
"Spy Fox in ""Dry Cereal""",0,0,0,0
Spy Fox In: Cheese Chase,0,0,0,0
Spy Fox In: Hold the Mustard,0,0,0,0
Squirt's Adventure,0,0,0,0
Squishy the Suicidal Pig,0,0,"
7.4
    ",9
Stained,0,"
    1
",0,0
Star Nomad,0,0,0,0
Star Swarm Stress Test,0,0,0,0
Star Traders: 4X Empires,0,0,0,0
Stargunner,0,0,0,0
Starion Tactics,0,0,0,0
Starlight Inception?,0,"
    3
","
2.1
    ",8
Starlite: Astronaut Rescue - Developed in Collaboration with 0SA,0,0,0,0
StarMade,0,0,0,0
Starpoint Gemini 2,70,"
    19
","
8.4
    ",146
Starship Rubicon,0,0,0,0
Starwalker,0,0,0,0
STARWHAL,0,"
    3
","
7.4
    ",8
Steam Bandits: Outpost,0,0,0,0
Steam Marines,0,"
    1
","
5.6
    ",16
Steel & Steam: Episode 1,0,2,0,0
Stick RPG 2: Director's Cut,0,0,0,0
Stonerid,0,0,0,0
Storm over the Pacific,0,"
    1
","
5.0
    ",4
Stranded,0,"
    2
","
3.8
    ",5
Strata,0,0,0,0
Strategic War in Europe,0,"
    1
","
7.3
    ",4
Street Racing Syndicate,0,0,"
6.7
    ",10
STRIDER,78,"
    10
","
7.5
    ",104
Strike Suit Zero: Director's Cut,66,"
    40
","
7.3
    ",161
Strike Vector,73,"
    22
","
7.7
    ",51
Stronghold Crusader 2,65,"
    30
","
6.1
    ",215
StuntMANIA Reloaded,0,0,0,0
Styx: Master of Shadows,71,"
    31
","
7.2
    ",296
Sudeki,0,0,"
8.4
    ",35
Sudokuball Detective,0,0,0,0
SUGURI,0,0,0,0
Summoner,78,"
    14
","
7.7
    ",29
SunAge: Battle for Elysium,0,0,0,0
Sunrider: Mask of Arcadius,0,0,"
7.7
    ",22
Super Chain Crusher Horizon,0,0,0,0
Super Killer Hornet: Resurrection,0,0,"
6.0
    ",13
Super Lemonade Factory,0,0,0,0
Super Motherload,0,"
    1
","
7.9
    ",8
Super Panda Adventures,0,"
    1
","
7.2
    ",6
Super Time Force Ultra,80,"
    9
","
6.5
    ",42
Super Toy Cars,0,"
    1
","
5.6
    ",5
Super Trench Attack!,0,"
    2
","
7.8
    ",5
Super Win the Game,0,0,"
6.8
    ",6
SuperPower 2 Steam Edition,51,19,6.8,22
Supreme Ruler 1936,0,"
    3
","
7.9
    ",16
Supreme Ruler Ultimate,0,"
    1
","
7.9
    ",15
Sweet Lily Dreams,0,"
    2
",0,0
Sweezy Gunner,0,0,0,0
Swipecart,0,0,0,0
Sword of the Samurai,0,0,0,0
T.E.C. 3001,0,0,"
7.8
    ",4
Tail Drift,0,0,0,0
Takedown: Red Sabre,34,"
    17
","
2.9
    ",166
Tales from the Borderlands,84,"
    43
","
8.4
    ",363
Tales From The Dragon Mountain 2: The Lair,0,"
    2
",0,0
Tales From The Dragon Mountain: The Strix,0,0,0,0
Tales of Adventure 2,0,0,"
3.5
    ",6
Talisman: Digital Edition,51,"
    4
","
5.8
    ",85
Task Force 1942: Surface Naval Action in the South Pacific,0,0,0,0
Taxi,0,0,0,0
Team Indie,58,"
    6
","
8.3
    ",8
Terminal Velocity,0,0,0,0
Terraformer Expedition to Mars,0,0,0,0
Terrian Saga: KR-17,83,"
    4
","
8.3
    ",16
Terrorhedron Tower Defense,0,1,5,4
Tesla Breaks the World!,0,"
    2
",0,0
Tesla Effect: A Tex Murphy Adventure,68,"
    33
","
8.5
    ",168
TesserAct,0,0,0,0
Tex Murphy: Martian Memorandum,0,0,0,0
Tex Murphy: Mean Streets,0,0,0,0
Tex Murphy: Overseer,0,0,"
8.3
    ",12
Tex Murphy: The Pandora Directive,0,0,8.5,11
Tex Murphy: Under a Killing Moon,0,0,8,6
The Abbey,0,0,0,0
The Apotheosis Project,0,0,"
7.4
    ",7
The Banner Saga,80,"
    74
","
8.0
    ",724
The Binding of Isaac: Rebirth,86,"
    10
","
8.4
    ",614
The Blue Flamingo,55,"
    6
","
4.3
    ",7
The Book of Legends,0,"
    3
","
8.4
    ",14
The Cameron Files: The Secret at Loch Ness,66,"
    7
","
5.8
    ",6
The Campaign Series: Fall Weiss,0,0,0,0
The Castle Doctrine,58,"
    12
","
6.9
    ",19
The Collider,0,"
    1
","
4.6
    ",5
The Count of Monster Disco,0,0,0,0
The Counting Kingdom,0,"
    1
",0,0
The Crew,71,"
    12
","
6.3
    ",520
The Culling Of The Cows,0,0,"
4.1
    ",14
The Curse of the Werewolves,0,0,0,0
The Desolate Hope,0,0,"
7.7
    ",6
The Detail,71,"
    23
","
6.8
    ",18
The Dungeoning,0,"
    1
",0,0
The Egyptian Prophecy: The Fate of Ramses,73,"
    13
","
6.6
    ",7
The Elder Scrolls Online,71,"
    64
","
5.8
    ",2450
The Entente Gold,0,0,0,0
The Escapist,0,0,0,0
The Evil Within,68,"
    18
","
6.1
    ",853
The Expendabros,0,0,"
7.4
    ",38
The Fall,76,"
    17
","
7.2
    ",68
The Few,0,0,0,0
The Fifth Day,0,0,0,0
The Floor is Jelly,83,"
    5
","
6.2
    ",21
The Flying Dutchman,0,0,0,0
The Forest of Doom,0,0,"
4.2
    ",5
The Forgotten Ones,0,0,0,0
The Golf Club,70,"
    11
","
6.2
    ",59
The Good Life,0,0,0,0
The Great Jitters: Pudding Panic,0,0,0,0
The Guild Gold Edition,0,0,0,0
The Happy Hereafter,0,0,0,0
The House,0,0,0,0
The Impossible Game,64,"
    7
","
7.4
    ",17
The Incredible Adventures of Van Helsing II,77,"
    36
","
7.6
    ",230
The Jackbox Party Pack,0,"
    2
","
7.2
    ",12
The Journey Down: Chapter Two,78,"
    11
","
7.1
    ",20
The Joylancer: Legendary Motor Knight,0,0,0,0
THE KING OF FIGHTERS '98 ULTIMATE MATCH FI0L EDITION,0,"
    1
","
7.8
    ",5
The Labyrinth of Time,0,0,0,0
The Last Door - Collector's Edition,79,"
    10
","
7.6
    ",42
The Last Federation,72,"
    9
","
6.9
    ",40
The Last Tinker: City of Colors,72,"
    41
","
6.8
    ",31
The Legend of Heroes: Trails in the Sky,85,"
    5
","
8.4
    ",214
The LEGO Movie - Videogame,68,"
    7
","
6.8
    ",38
The Lost Crown,71,"
    23
","
7.6
    ",27
The Maker's Eden,0,"
    1
",0,0
The Marvellous Miss Take,69,"
    11
","
6.4
    ",16
The Memory of Eldurim,0,0,0,0
The Moon Sliver,0,"
    2
","
7.1
    ",9
The Musketeers: Victoria's Quest,0,0,0,0
The Nightmare Cooperative,0,"
    2
",0,0
The Old City: Leviathan,62,"
    16
","
5.6
    ",31
The Original Strife: Veteran Edition,0,0,"
8.2
    ",6
The Plan,0,0,"
7.0
    ",16
The Promised Land,0,0,"
6.4
    ",7
The Repopulation,0,0,0,0
The Room,73,"
    4
","
8.3
    ",66
The Sacred Tears TRUE,0,"
    3
",0,0
The Samaritan Paradox,75,"
    5
","
6.5
    ",17
The Secret Of Hildegards,0,0,0,0
The Shopkeeper,0,"
    2
",0,0
The Stalin Subway,0,0,"
5.9
    ",10
The Stalin Subway: Red Veil,0,0,"
4.8
    ",5
The Sun and Moon,0,"
    2
",0,0
The Sun at Night,59,"
    5
","
7.3
    ",11
The Talos Principle,85,"
    57
","
8.6
    ",571
The Terminal 2,0,0,0,0
The Tomorrow War,0,"
    1
",0,0
The Tower,0,0,0,0
The Treasures of Montezuma 3,0,0,0,0
The Treasures of Montezuma 4,0,0,0,0
The Vanishing of Ethan Carter,82,"
    66
","
8.1
    ",741
The Waste Land,0,"
    3
",0,0
The Whispered World Special Edition,70,"
    41
","
7.6
    ",84
The Witcher Adventure Game,68,"
    21
","
5.9
    ",68
The Witch's Yarn,0,0,0,0
The World II: Hunting BOSS,0,0,0,0
The Yawhg,66,"
    8
","
7.6
    ",31
Theatre Of The Absurd,0,0,0,0
theHunter Classic,0,0,0,0
Them - The Summoning,0,0,0,0
They Breathe,0,0,"
7.2
    ",6
Thief,70,"
    37
","
5.9
    ",1524
Thief Town,0,0,0,0
Thieves' Gambit: The Curse of the Black Cat,0,0,0,0
Third Eye Crime,0,"
    2
",0,0
This War of Mine,83,"
    62
","
8.4
    ",778
Three Dead Zed,0,"
    3
",0,0
Tiestru,0,"
    2
","
1.7
    ",7
Tile Miner,0,0,0,0
Time Mysteries 2: The Ancient Spectres,0,0,0,0
Time Mysteries 3: The Final Enigma,0,0,0,0
Time of Fury,0,0,0,0
Time Rifters,0,0,"
8.4
    ",5
TinyKeep,0,"
    2
",0,0
Titanfall - The Final Hours,0,0,0,0
To End All Wars,71,"
    9
","
7.5
    ",13
Toast Time,0,"
    3
",0,0
Top Hat,0,0,0,0
Toribash,0,"
    3
",0,0
Tower of Guns,76,"
    16
","
7.2
    ",42
TowerFall Ascension,87,"
    16
","
6.8
    ",144
Town of Salem,0,0,"
8.0
    ",75
Towtruck Simulator 2015,0,0,0,0
Toxic Bunny HD,0,0,0,0
Toybox Turbos,69,"
    10
","
6.3
    ",25
Trace Vector,0,"
    1
",0,0
Train Fever,67,"
    23
","
6.9
    ",91
Train Simulator: NEC: New York-New Haven Route Add-On,0,0,0,0
Train Simulator: South London Network Route Add-On,0,0,0,0
Train Town,0,0,0,0
Trainz Trouble,0,0,0,0
Transistor,83,"
    35
","
8.3
    ",747
TransOcean: The Shipping Company,0,"
    3
","
6.5
    ",20
Transport Giant,0,0,0,0
TRI: Of Friendship and Madness,74,"
    9
","
7.5
    ",24
Trials Fusion,80,"
    12
","
6.9
    ",108
Triblaster,0,0,0,0
Tribloos 2,0,"
    2
","
4.0
    ",4
TRON 2.0,84,"
    39
","
8.3
    ",82
Tropico 5,75,"
    51
","
7.0
    ",378
Trucks & Trailers,0,0,0,0
Truffle Saga,0,0,0,0
TUG,0,0,0,0
Turbo Dismount,0,0,"
7.9
    ",18
Ubersoldier II,62,"
    6
","
6.8
    ",16
Uebergame,0,0,0,0
UFO: Afterlight,71,"
    16
","
7.6
    ",54
UFO: Aftermath,67,"
    23
","
6.0
    ",55
UFO: Aftershock,67,"
    20
","
7.7
    ",36
Ukrainian Ninja,0,0,0,0
Ultimate General: Gettysburg,84,"
    8
","
7.8
    ",156
Ultionus: A Tale of Petty Revenge,0,"
    1
","
7.5
    ",11
Ultra Street Fighter IV,82,"
    4
","
7.0
    ",92
ULTRAWORLD EXODUS,0,"
    2
",0,0
Unearthed: Trail of Ibn Battuta - Episode 1 - Gold Edition,0,"
    3
","
3.8
    ",37
UnEpic,68,"
    5
","
8.4
    ",210
Unrest,65,"
    15
","
5.8
    ",19
Uprising44: The Silent Shadows,0,"
    2
","
1.8
    ",18
Uriel's Chasm,0,"
    1
","
2.2
    ",10
US and THEM,0,0,0,0
Valiant Hearts: The Great War,79,"
    28
","
8.6
    ",583
Valkyria Chronicles,85,"
    24
","
8.2
    ",349
Vampires: Guide Them to Safety!,0,0,0,0
Vangers,0,0,0,0
Vanguard Princess,0,0,"
6.3
    ",16
Vault Cracker,0,0,0,0
Velocibox,0,0,"
7.1
    ",9
Velvet Sundown,0,"
    1
","
6.9
    ",8
Verde Station,0,"
    1
","
4.8
    ",4
Vertical Drop Heroes HD,70,"
    6
","
8.0
    ",15
Victim of Xen,0,0,"
3.4
    ",7
Victorian Admirals,0,0,0,0
Victory At Sea,0,"
    2
","
5.6
    ",11
Viking Brothers,0,0,0,0
Viktor,0,"
    1
",0,0
Villagers and Heroes,0,0,"
7.6
    ",40
Vitrum,0,0,0,0
Vlad the Impaler,0,"
    1
","
5.5
    ",4
Voice of Pripyat,0,0,0,0
Volo Airsport,0,0,0,0
Volt,0,0,0,0
Voodoo Whisperer Curse of a Legend,0,0,0,0
Voyage: Journey to the Moon,0,0,0,0
Wacky Wheels,0,0,0,0
WAKFU,76,"
    5
","
5.6
    ",144
War in a Box: Paper Tanks,0,0,0,0
War of the Human Tanks,0,"
    2
","
6.2
    ",10
War on Folvos,0,0,0,0
War Operations,0,0,0,0
Warehouse and Logistics Simulator,0,0,"
4.9
    ",10
Warface,62,"
    17
","
4.3
    ",403
Wargame: Red Dragon,78,"
    19
","
7.9
    ",183
"Warhammer 40,000: Armageddon",68,"
    17
","
6.6
    ",38
"Warhammer 40,000: Kill Team",0,0,"
5.2
    ",13
Warlock 2: The Exiled,73,"
    22
","
7.1
    ",82
WARMACHINE: Tactics,0,"
    2
","
5.6
    ",13
Warrior Kings,73,"
    16
","
7.7
    ",18
Warrior Kings: Battles,64,"
    11
","
8.1
    ",16
Wasteland 2: Director's Cut,87,"
    5
","
7.6
    ",179
Watch_Dogs,77,"
    18
","
4.8
    ",3314
Wayward Manor,41,"
    23
","
4.4
    ",16
WazHack,0,"
    1
","
7.2
    ",5
Where Angels Cry,0,0,0,0
Where is my Heart?,74,"
    5
",0,0
Whisper of a Rose,0,0,0,0
Whispering Willows,64,"
    10
","
7.1
    ",39
White Haven Mysteries,0,0,0,0
White Noise Online,0,"
    1
","
3.8
    ",5
Wild Warfare,0,0,0,0
Wildlife Park 2,0,"
    2
","
7.3
    ",12
Wildlife Park 2 - Crazy Zoo,0,0,0,0
Wildlife Park 2 - Dino World,0,0,0,0
Wildlife Park 2 - Fantasy,0,0,0,0
Wildlife Park 2 - Farm World,0,0,0,0
Wildlife Park 2 - Horses,0,0,0,0
Wildlife Park 2 - Marine World,0,0,0,0
Wildlife Park 3,0,"
    1
","
6.5
    ",6
WildStar,82,"
    52
","
7.5
    ",951
Windforge,53,"
    7
","
6.9
    ",18
Winged Sakura: Mindy's Arc,0,0,0,0
Wings of Vi,0,0,"
8.4
    ",23
Wings Over Europe,62,"
    8
","
7.7
    ",19
Wings! Remastered Edition,61,"
    6
","
7.8
    ",24
Woah Dave!,0,"
    1
",0,0
Wolfenstein: The New Order,81,"
    23
","
8.2
    ",1879
Woodle Tree Adventures,0,0,"
5.2
    ",26
Word Rescue,0,0,0,0
Words for Evil,0,0,0,0
WORLD END ECONOMiCA episode.01,0,"
    1
",0,0
World of Diving,0,0,0,0
World of Guns: Gun Disassembly,0,0,"
6.7
    ",17
World Of Leaders,0,0,0,0
World of Subways 1 ??The Path,0,0,0,0
World of Subways 2 ??Berlin Line 7,0,0,0,0
World of Subways 3 ??London Underground Circle Line,0,0,5,4
World Truck Racing,0,0,0,0
World War 2: Time of Wrath,0,0,0,0
WorldCreator,0,0,0,0
Wrack,66,"
    6
","
8.2
    ",10
Wyv and Keep: The Temple of the Lost Idol,0,"
    3
",0,0
Xenonauts,77,"
    21
","
7.9
    ",167
Xenophage: Alien Bloodsport,0,0,0,0
XenoRaptor,0,0,0,0
Xeodrifter,0,"
    1
","
5.3
    ",9
X-Plane 10 Global - 64 Bit,0,0,0,0
Xsyon - Prelude,0,0,0,0
YAIBA: NINJA GAIDEN Z,49,"
    7
","
5.9
    ",42
Year Walk,87,"
    8
","
7.0
    ",144
Yet Another Zombie Defense,0,0,"
6.6
    ",21
You Have to Win the Game,0,"
    1
","
7.1
    ",21
Yury,0,"
    1
","
6.0
    ",4
Z,0,0,0,0
Z Steel Soldiers,0,0,0,0
ZAMB! Biomutant Extermination,0,"
    3
","
6.6
    ",5
Zen Fish SIM,0,0,0,0
Zero Point,0,0,0,0
Ziggurat,75,"
    5
","
7.8
    ",52
Zombie Solitaire,0,0,0,0
Zoo Park,0,0,0,0
Zoo Rampage,0,0,0,0
Zooloretto,0,0,0,0
Zoom Player 13 : Steam Edition,0,0,0,0
