X.,Game,Url,Price,Score.rank.Userscore...Metascore.,Owners,Playtime..Median.,Developer.s.,Publisher.s.,
224,1000 Amps,1000-Amps,$4.99,47% (78%),"20,000?..?50,000",00:00 (00:00),Brandon Brizzi,Brandon Brizzi,
322,3DMark 11,3DMark-11,$19.99,N/A (N/A),0%,"20,000?..?50,000",00:00 (00:00),UL,UL
231,3SwitcheD,3SwitcheD,$9.99,5% (36%),"200,000?..?500,000",04:05 (04:44),Reality Pump,Topware Interactive,
230,7 Wonders: Ancient Alien Makeover,7-Wonders-Ancient-Alien-Makeover,$9.99,N/A (N/A),0%,"20,000?..?50,000",00:00 (00:00),MumboJumbo,MumboJumbo
165,A Game of Dwarves,A-Game-of-Dwarves,$9.99,23% (63%,60%),"50,000?..?100,000",00:00 (00:00),Zeal Game Studio,Paradox Interactive
122,A New Beginning - Final Cut,A-New-Beginning-Final-Cut,$9.99,39% (74%,72%),"200,000?..?500,000",00:00 (00:00),Daedalic Entertainment,Daedalic Entertainment
181,A Valley Without Wind,A-Valley-Without-Wind,$14.99,24% (64%,54%),"200,000?..?500,000",00:00 (00:00),"Arcen Games, LLC","Arcen Games, LLC"
151,A Virus Named TOM,A-Virus-Named-TOM,$9.99,34% (71%,65%),"200,000?..?500,000",00:00 (00:00),Misfits Attic,Misfits Attic
212,Abandoned: Chestnut Lodge Asylum,Abandoned-Chestnut-Lodge-Asylum,$6.99,N/A (N/A),0%,"0?..?20,000",00:00 (00:00),Lazy Turtle Games,"Tri Synergy, Inc."
253,Adventures of Shuggy,the-adventures-of-shuggy,$4.99,74% (89%),"200,000?..?500,000",00:00 (00:00),Smudged Cat Games Ltd,Smudged Cat Games Ltd,
204,Aerofly FS 1 Flight Simulator,aerofly-fs,$19.99,21% (61%),"0?..?20,000",00:00 (00:00),IPACS,IPACS,
38,Age of Empires III: Complete Collection,Age-of-Empires-III-Complete-Collection,$39.99,71% (88%,81%),"2,000,000?..?5,000,000",04:36 (01:41),Ensemble Studios,Microsoft Studios
255,Air Conflicts: Pacific Carriers,Air-Conflicts-Pacific-Carriers,$9.99,9% (46%),"100,000?..?200,000",01:27 (00:29),"Games Farm, 3Division",Games Farm,
24,Alan Wake,Alan-Wake,$14.99,80% (91%,83%),"2,000,000?..?5,000,000",02:31 (01:54),Remedy Entertainment,Remedy Entertainment
120,Alan Wake's American Nightmare,alan-wakes-american-nightmare,$8.99,33% (70%,73%),"1,000,000?..?2,000,000",03:55 (02:36),Remedy Entertainment,Remedy Entertainment
333,Alien Shooter 2 Conscription,Alien-Shooter-2-Conscription,$9.99,47% (78%),"50,000?..?100,000",00:00 (00:00),Sigma Team Inc.,Sigma Team Inc.,
197,All Zombies Must Die!: Scorepocalypse,All-Zombies-Must-Die!-Scorepocalypse,$4.99,41% (75%),"20,000?..?50,000",00:00 (00:00),Doublesix Games,Doublesix Games,
159,Analogue: A Hate Story,Analogue-A-Hate-Story,$9.99,90% (94%,62%),"100,000?..?200,000",00:00 (00:00),Love Conquers All Games,Love Conquers All Games
207,Arena Wars 2,Arena-Wars-2,$3.99,4% (32%),"50,000?..?100,000",00:00 (00:00),ExDream GmbH,Just a Game,
54,Assassin's Creed III,assassins-creed-iii,$19.99,39% (74%,80%),"1,000,000?..?2,000,000",03:07 (00:39),Ubisoft Montreal,Ubisoft
348,Atooms to Moolecules Demo,Atooms-to-Moolecules-Demo,Free,N/A (N/A),0%,"0?..?20,000",00:00 (00:00),BitSits Games,BitSits Games
357,Auditorium,Auditorium,$6.99,49% (79%),"50,000?..?100,000",00:00 (00:00),Cipher Prime Studios,Cipher Prime Studios,
240,Avernum 4,Avernum-4,$4.99,N/A (N/A),0%,"50,000?..?100,000",00:00 (00:00),Spiderweb Software,Spiderweb Software
251,Avernum 5,Avernum-5,$4.99,N/A (N/A),0%,"50,000?..?100,000",00:00 (00:00),Spiderweb Software,Spiderweb Software
221,Avernum 6,Avernum-6,$4.99,N/A (N/A),0%,"50,000?..?100,000",00:00 (00:00),Spiderweb Software,Spiderweb Software
79,Avernum: Escape From the Pit,Avernum-Escape-From-the-Pit,$9.99,83% (92%,76%),"100,000?..?200,000",00:00 (00:00),Spiderweb Software,Spiderweb Software
354,AVSEQ,AVSEQ,$1.99,N/A (N/A),0%,"20,000?..?50,000",00:00 (00:00),Big Robot Ltd,Big Robot Ltd
67,Awesomenauts - the 2D moba,Awesomenauts,Free,63% (85%,78%),"2,000,000?..?5,000,000",01:32 (00:49),Ronimo Games,Ronimo Games
313,Ballads of Reemus: When the Bed Bites,Ballads-of-Reemus-When-the-Bed-Bites,$4.99,N/A (N/A),0%,"0?..?20,000",00:00 (00:00),ClickShake Games LLC,ClickShake Games LLC
380,Bang Bang Racing,Bang-Bang-Racing,$9.99,55% (82%),"50,000?..?100,000",00:00 (00:00),Digital Reality Software & Playbox,HandyGames,
311,BANZAI PECAN: The Last Hope For the Young Century,BANZAI-PECAN-The-Last-Hope-For-the-Young-Century,$2.99,55% (82%),"20,000?..?50,000",00:00 (00:00),SERIOUS*IMPACT WORKS,"Zanza Studios, LLC.",
2,Batman: Arkham City - Game of the Year Edition,batman-arkham-city,$19.99,90% (94%,91%),"2,000,000?..?5,000,000",01:59 (01:45),"Rocksteady Studios, Feral Interactive (Mac)","Warner Bros. Interactive Entertainment, Feral Interactive (Mac)"
115,Beyond Divinity,Beyond-Divinity,$5.99,13% (52%,73%),"200,000?..?500,000",02:17 (01:31),Larian Studios,Larian Studios
358,Beyond Oasis,Beyond-Oasis,$0.99,N/A (N/A),0%,"0?..?20,000",00:00 (00:00),,SEGA
139,Binary Domain,Binary-Domain,$14.99,63% (85%,68%),"500,000?..?1,000,000",00:46 (01:00),Devil's Details,SEGA
216,BIT.TRIP CORE,BITTRIP-CORE,$9.99,18% (59%),"50,000?..?100,000",00:15 (00:05),Gaijin Games,Gaijin Games,
208,BIT.TRIP VOID,BITTRIP-VOID,$9.99,45% (77%),"20,000?..?50,000",00:15 (00:05),Gaijin Games,Gaijin Games,
99,Blacklight: Retribution,Blacklight-Retribution,Free,39% (74%,75%),"2,000,000?..?5,000,000",01:23 (00:35),"Hardsuit Labs, Inc.","Hardsuit Labs, Inc."
376,Blackwell Convergence,the-blackwell-convergence,$4.99,90% (94%),"100,000?..?200,000",00:00 (00:00),Wadjet Eye Games,Wadjet Eye Games,
113,Blackwell Deception,Blackwell-Deception,$9.99,99% (98%,73%),"50,000?..?100,000",00:00 (00:00),Wadjet Eye Games,Wadjet Eye Games
373,Blackwell Unbound,Blackwell-Unbound,$4.99,87% (93%),"100,000?..?200,000",00:00 (00:00),Wadjet Eye Games,Wadjet Eye Games,
158,Blades of Time,Blades-of-Time,$9.99,66% (86%,63%),"200,000?..?500,000",00:08 (00:02),Gaijin Entertainment Corporation,Gaijin Entertainment Corporation
347,Blood Bowl: Chaos Edition,Blood-Bowl-Chaos-Edition,$14.99,47% (78%),"200,000?..?500,000",03:40 (04:25),Cyanide Studios,Focus Home Interactive,
5,Borderlands 2,Borderlands-2,$19.99,95% (96%,89%),"5,000,000?..?10,000,000",05:50 (01:57),"Gearbox Software, Aspyr (Mac), Aspyr (Linux)","2K, Aspyr (Mac), Aspyr (Linux)"
31,Botanicula,Botanicula,$9.99,95% (96%,82%),"200,000?..?500,000",00:09 (00:03),Amanita Design,Amanita Design
233,Bumbledore,Bumbledore,$4.99,N/A (N/A),0%,"0?..?20,000",00:00 (00:00),Nimbly Games,Nimbly Games
340,Call of Duty: Black Ops - Mac Edition,Call-of-Duty-Black-Ops-Mac-Edition,$19.99,19% (60%),"50,000?..?100,000",00:00 (00:00),Aspyr,Aspyr,
104,Call of Duty: Black Ops II,Call-of-Duty-Black-Ops-II,$59.99,55% (82%,74%),"2,000,000?..?5,000,000",02:14 (00:10),Treyarch,Activision
236,Call of the Ninja!,Call-of-the-Ninja!,$6.99,N/A (N/A),0%,"0?..?20,000",00:00 (00:00),Lee Page,TeraBit Software
187,Cannon Fodder 3,Cannon-Fodder-3,$14.99,N/A (N/A/49%),"20,000?..?50,000",00:00 (00:00),Burut CT,Game Factory Interactive,
247,Cargo Commander,Cargo-Commander,$2.99,55% (82%),"100,000?..?200,000",00:00 (00:00),Serious Brew,Missing Link Games,
166,Carrier Command: Gaea Mission,Carrier-Command-Gaea-Mission,$32.99,9% (46%,60%),"200,000?..?500,000",00:00 (00:00),Bohemia Interactive,Bohemia Interactive
355,Castle Crashers,Castle-Crashers,$14.99,95% (96%),"2,000,000?..?5,000,000",03:31 (01:24),The Behemoth,The Behemoth,
70,Chaos on Deponia,Chaos-on-Deponia,$19.99,80% (91%,78%),"200,000?..?500,000",02:01 (02:39),Daedalic Entertainment,Daedalic Entertainment
135,Check vs Mate,Check-vs-Mate,$19.99,18% (59%,69%),"0?..?20,000",00:00 (00:00),Targem Games,Topware Interactive
256,Cherry Tree High Comedy Club,Cherry-Tree-High-Comedy-Club,$6.99,74% (89%),"50,000?..?100,000",00:00 (00:00),773,Nyu Media,
63,Chivalry: Medieval Warfare,Chivalry-Medieval-Warfare,$24.99,58% (83%,79%),"5,000,000?..?10,000,000",02:27 (01:05),Torn Banner Studios,Torn Banner Studios
294,Choice of Kung Fu,Choice-of-Kung-Fu,$4.99,N/A (N/A),0%,"0?..?20,000",00:00 (00:00),Choice of Games,Choice of Games
152,Choplifter HD,Choplifter-HD,$9.99,66% (86%,65%),"50,000?..?100,000",00:00 (00:00),inXile Entertainment,inXile Entertainment
341,Cladun X2,cladun-x2,$9.99,47% (78%),"20,000?..?50,000",00:00 (00:00),System Prisma,"NIS America, Inc.",
192,Clan of Champions,Clan-of-Champions,$1.99,N/A (N/A/42%),"0?..?20,000",03:46 (01:15),ACQUIRE Corp.,"NIS America, Inc.",
304,Close Combat - Panthers in the Fog,close-combat-panthers-in-fog,$39.99,21% (61%),"0?..?20,000",00:00 (00:00),Matrix Games,Slitherine Ltd.,
69,Closure,Closure,$9.99,66% (86%,78%),"200,000?..?500,000",01:01 (00:20),Eyebrow Interactive,Eyebrow Interactive
281,Colour Bind,Colour-Bind,$9.99,N/A (N/A),0%,"0?..?20,000",00:00 (00:00),Finn Morgan,Puppy Punch Productions
68,Condemned: Criminal Origins,Condemned-Criminal-Origins,$14.95,66% (86%,78%),"200,000?..?500,000",00:09 (00:03),Monolith,SEGA
176,Conflict Desert Storm,Conflict-Desert-Storm,$6.99,51% (80%,56%),"50,000?..?100,000",00:00 (00:00),Pivotal Games,Square Enix
185,Confrontation,Confrontation,$9.99,4% (32%,51%),"200,000?..?500,000",00:00 (00:00),Cyanide Studio,Focus Home Interactive
382,Conquest of Elysium 3,Conquest-of-Elysium-3,$9.99,51% (80%),"20,000?..?50,000",00:00 (00:00),Illwinter Game Design,Illwinter Game Design,
252,Containment: The Zombie Puzzler,Containment-The-Zombie-Puzzler,$4.99,77% (90%),"50,000?..?100,000",00:00 (00:00),Bootsnake Games,Bootsnake Games,
227,Continent of the Ninth Seal,Continent-of-the-Ninth-Seal,Free,36% (72%),"500,000?..?1,000,000",00:00 (00:00),Cloud 9 Studio,Webzen,
191,Cortex Command,Cortex-Command,$19.99,53% (81%,44%),"1,000,000?..?2,000,000",03:18 (03:51),Data Realms,"Data Realms, LLC"
28,Counter-Strike: Global Offensive,Counter-Strike-Global-Offensive,$14.99,71% (88%,83%),"20,000,000?..?50,000,000",15:29 (06:24),Valve,Valve
330,Crazy Machines Elements,Crazy-Machines-Elements,$9.99,N/A (N/A),0%,"20,000?..?50,000",00:00 (00:00),Fakt Software,Viva Media
268,Critter Crunch,Critter-Crunch,$6.99,93% (95%),"50,000?..?100,000",00:00 (00:00),Capybara Games,Capybara Games,
112,Crusader Kings Complete,crusader-kings-complete-pack,$9.99,23% (63%,73%),"50,000?..?100,000",00:17 (00:05),Paradox Development Studio,Paradox Interactive
30,Crusader Kings II,Crusader-Kings-II,$39.99,77% (90%,82%),"2,000,000?..?5,000,000",10:16 (03:56),Paradox Development Studio,Paradox Interactive
100,Cubemen,Cubemen,$3.99,39% (74%,74%),"100,000?..?200,000",00:00 (00:00),3 Sprockets,3 Sprockets
298,Damage Inc. Pacific Squadron WWII,Damage-Inc-Pacific-Squadron-WWII,$39.99,N/A (N/A),0%,"0?..?20,000",00:00 (00:00),Trickstar Games,Mad Catz
19,DARK SOULS: Prepare To Die Edition,DARK-SOULS-Prepare-To-Die-Edition,N/A,74% (89%,85%),"2,000,000?..?5,000,000",08:17 (01:01),FromSoftware,BANDAI NAMCO Entertainment
283,Dead Hungry Diner,Dead-Hungry-Diner,$3.99,51% (80%),"20,000?..?50,000",00:00 (00:00),Black Market Games,Black Market Games,
248,Dead Pixels,Dead-Pixels,$2.99,66% (86%),"200,000?..?500,000",01:35 (01:03),CSR-Studios,CSR-Studios,
66,Deadlight,Deadlight,$14.99,51% (80%,78%),"500,000?..?1,000,000",03:58 (01:19),"Tequila Works, S.L.",Microsoft Studios
257,Death Rally,Death-Rally,$9.99,31% (69%),"50,000?..?100,000",00:00 (00:00),"Remedy Entertainment Ltd., Mountain Sheep Inc., Cornfox & Brothers Ltd.",Remedy Entertainment Ltd.,
223,Decisive Campaigns: Case Blue,Decisive-Campaigns-Case-Blue,$39.99,N/A (N/A),0%,"0?..?20,000",00:00 (00:00),VR Designs,Slitherine Ltd.
193,Deep Black: Reloaded,Deep-Black-Reloaded,$29.99,3% (25%,39%),"0?..?20,000",00:00 (00:00),Biart,Strategy First
171,Defenders of Ardania,Defenders-of-Ardania,$9.99,N/A (N/A/58%),"20,000?..?50,000",00:00 (00:00),Most Wanted Entertainment,Paradox Interactive,
378,Defender's Quest: Valley of the Forgotten (DX edition),defenders-quest-valley-of-the-forgotten,$14.99,95% (96%),"200,000?..?500,000",00:00 (00:00),"Level Up Labs, LLC",Level Up Labs,
277,Democracy 2,Democracy-2,$19.99,13% (52%),"50,000?..?100,000",00:00 (00:00),Positech Games,Positech Games,
108,Deponia,Deponia,$9.99,74% (89%,74%),"500,000?..?1,000,000",01:43 (02:16),Daedalic Entertainment,Daedalic Entertainment
86,Din's Curse,Dins-Curse,$9.99,63% (85%,76%),"0?..?20,000",00:00 (00:00),Soldak Entertainment,Soldak Entertainment
3,Dishonored,Dishonored,$9.99,95% (96%,91%),"2,000,000?..?5,000,000",02:26 (00:54),Arkane Studios,Bethesda Softworks
290,Disney Mickey's Typing Adventure,Disney-Mickeys-Typing-Adventure,$19.99,N/A (N/A),0%,"0?..?20,000",00:00 (00:00),Individual Software Inc.,Disney Interactive
37,Divine Divinity,Divine-Divinity,$5.99,68% (87%,81%),"500,000?..?1,000,000",02:18 (03:03),Larian Studios,Larian Studios
320,Divinity II: Developer's Cut,divinity-ii-developers-cut,$19.99,53% (81%),"500,000?..?1,000,000",00:15 (00:12),Larian Studios,"Larian Studios, Focus Home Interactive",
278,Dogfight 1942,Dogfight-1942,$9.99,33% (70%),"100,000?..?200,000",00:04 (00:01),City Interactive,CI Games,
215,Doom 3: BFG Edition,Doom-3-BFG-Edition,$19.99,55% (82%),"500,000?..?1,000,000",00:19 (00:12),id Software,Bethesda Softworks,
353,Dragon Nest,Dragon-Nest,Free,39% (74%),"500,000?..?1,000,000",02:25 (01:36),Eyedentity Games Inc.,Eyedentity Games Inc.,
163,Dream Pinball 3D,Dream-Pinball-3D,$6.99,3% (29%,61%),"100,000?..?200,000",03:25 (03:24),ASK Homework,Topware Interactive ACE
289,Dungeonbowl - Knockout Edition,Dungeonbowl-Knockout-Edition,$12.99,N/A (N/A),0%,"20,000?..?50,000",00:00 (00:00),Cyanide Studio,Bigben Interactive
293,Dungeons & Dragons Online,dungeons-dragons-online-shadowfell-conspiracy,Free,36% (72%),"500,000?..?1,000,000",02:15 (02:46),"Standing Stone Games, LLC","Standing Stone Games, LLC",
59,Dustforce DX,Dustforce,$9.99,87% (93%,79%),"200,000?..?500,000",00:01 (00:00),Hitbox Team,
296,Dwarfs - F2P,dwarfs!,Free,63% (85%),"500,000?..?1,000,000",02:10 (00:43),Power of 2,Tripwire Interactive,
306,Dynamite Headdy,Dynamite-Headdy,$0.99,N/A (N/A),0%,"0?..?20,000",00:00 (00:00),,SEGA
321,Dynamite Jack,Dynamite-Jack,$9.99,77% (90%),"100,000?..?200,000",00:00 (00:00),"Hassey Enterprises, Inc.","Hassey Enterprises, Inc.",
287,East Tower - Akio,east-tower---akio,$4.99,47% (78%),"0?..?20,000",00:00 (00:00),roseVeRte,roseVeRte,
297,East Tower - Takashi,east-tower---Takashi,$5.99,N/A (N/A),0%,"0?..?20,000",00:00 (00:00),roseVeRte,roseVeRte
96,Edna & Harvey: Harvey's New Eyes,Edna-Harvey-Harveys-New-Eyes,$19.99,80% (91%,75%),"200,000?..?500,000",00:47 (00:31),Daedalic Entertainment,Daedalic Entertainment
225,Elansar,Elansar,$1.99,N/A (N/A),0%,"0?..?20,000",00:00 (00:00),OrionSoft,OrionSoft
74,Endless Space - Collection,endless-space,$19.99,51% (80%,77%),"1,000,000?..?2,000,000",02:28 (02:38),AMPLITUDE Studios,SEGA
211,English Country Tune,English-Country-Tune,$4.99,90% (94%),"200,000?..?500,000",00:00 (00:00),increpare games,increpare games,
305,ETHER VAPOR Remaster,ETHER-VAPOR-Remaster,$7.99,63% (85%),"50,000?..?100,000",00:00 (00:00),Edelweiss,Nyu Media,
60,Euro Truck Simulator 2,Euro-Truck-Simulator-2,$19.99,95% (96%,79%),"5,000,000?..?10,000,000",07:11 (03:03),SCS Software,SCS Software
275,Everquest,Everquest,Free,38% (73%),"500,000?..?1,000,000",00:00 (00:00),Daybreak Game Company,Daybreak Game Company,
132,Evochron Mercenary,Evochron-Mercenary,$19.99,47% (78%,70%),"50,000?..?100,000",00:00 (00:00),StarWraith 3D Games LLC,StarWraith 3D Games LLC
364,eXceed - Gun Bullet Children,eXceed---Gun-Bullet-Children,$2.99,9% (47%),"50,000?..?100,000",00:03 (00:01),Flat Software,Nyu Media,
235,eXceed 2nd - Vampire REX,eXceed-2nd---Vampire-REX,$5.99,80% (91%),"50,000?..?100,000",00:00 (00:00),Tennen-sozai,Nyu Media,
276,eXceed 3rd - Jade Penetrate Black Package,eXceed-3rd---Jade-Penetrate-Black-Package,$5.99,83% (92%),"50,000?..?100,000",00:27 (00:09),Tennen-sozai,Nyu Media,
53,F1 2012,F1-2012,$19.99,68% (87%,80%),"200,000?..?500,000",04:19 (07:15),Codemasters Birmingham,Codemasters
162,F1 RACE STARS,F1-RACE-STARS,$14.99,45% (77%,62%),"100,000?..?200,000",00:51 (00:51),Codemasters Birmingham,Codemasters
385,Fairy Bloom Freesia,Fairy-Bloom-Freesia,$7.99,83% (92%),"100,000?..?200,000",00:00 (00:00),Edelweiss,Nyu Media,
130,Fallen Earth Free2Play,Fallen-Earth-Free2Play,Free,15% (55%,71%),"2,000,000?..?5,000,000",01:20 (00:53),Little Orbit,Little Orbit
6,Far Cry 3,Far-Cry-3,$19.99,71% (88%,88%),"2,000,000?..?5,000,000",04:01 (01:35),"Ubisoft Montreal, Massive Entertainment, and Ubisoft Shanghai",Ubisoft
282,Fieldrunners,Fieldrunners,$4.99,39% (74%),"100,000?..?200,000",00:00 (00:00),Subatomic Studios LLC,Subatomic Studios LLC,
170,Fireburst,Fireburst,$9.99,15% (56%,59%),"20,000?..?50,000",00:00 (00:00),exDream,Strategy First
56,Fly'N,FlyN,$9.99,77% (90%,80%),"100,000?..?200,000",00:00 (00:00),Ankama Games,Ankama Games
213,Foreign Legion: Multi Massacre,Foreign-Legion-Multi-Massacre,$6.99,28% (67%),"50,000?..?100,000",00:00 (00:00),Sakari Indie & GriN,Sakari Games,
309,Fortune Summoners,fortune-summoners-secret-of-the-elemental-stone,$19.99,66% (86%),"100,000?..?200,000",00:01 (00:00),Lizsoft,Carpe Fulgur LLC,
361,Fowl Space,Fowl-Space,$4.99,18% (59%),"20,000?..?50,000",00:00 (00:00),Pixelante Game Studios,Pixelante Game Studios,
195,Fray: Reloaded Edition,fray,N/A,N/A (N/A/27%),"0?..?20,000",00:00 (00:00),Brain Candy,Brain Candy,
23,FTL: Faster Than Light,FTL-Faster-Than-Light,$9.99,95% (96%,84%),"2,000,000?..?5,000,000",03:43 (01:12),Subset Games,Subset Games
27,Galactic Civilizations I: Ultimate Edition,Galactic-Civilizations-I-Ultimate-Edition,$9.99,8% (44%,83%),"200,000?..?500,000",07:32 (02:30),Stardock Entertainment,Stardock Entertainment
261,Galaxy on Fire 2 Full HD,Galaxy-on-Fire-2-Full-HD,$7.99,34% (71%),"200,000?..?500,000",00:00 (00:00),Fishlabs Entertainment GmbH,bitComposer Games,
172,Game of Thrones,Game-of-Thrones,$14.99,34% (71%,58%),"200,000?..?500,000",00:00 (00:00),Cyanide Studios,Focus Home Interactive
279,Garshasp: Temple of the Dragon,Garshasp-Temple-of-the-Dragon,$4.99,3% (25%),"20,000?..?50,000",00:00 (00:00),Dead Mage,Digital Dragon,
124,Gateways,Gateways,$4.99,87% (93%,72%),"50,000?..?100,000",00:00 (00:00),Smudged Cat Games Ltd,Smudged Cat Games Ltd
182,Gemini Wars,Gemini-Wars,$14.99,2% (20%,53%),"20,000?..?50,000",00:00 (00:00),Camel101 LLC,Iceberg Interactive
75,Giana Sisters: Twisted Dreams,Giana-Sisters-Twisted-Dreams,$14.99,60% (84%,77%),"500,000?..?1,000,000",00:00 (00:00),Black Forest Games,"HandyGames, Black Forest Games"
300,Golden Axe III,Golden-Axe-III,$0.99,N/A (N/A),0%,"0?..?20,000",00:00 (00:00),,SEGA
246,Gotham City Impostors Free to Play,Gotham-City-Impostors,Free,60% (84%),"2,000,000?..?5,000,000",00:37 (00:39),"Monolith Productions, Inc.",Warner Bros. Interactive Entertainment,
138,Gratuitous Tank Battles,Gratuitous-Tank-Battles,$9.99,13% (53%,69%),"50,000?..?100,000",00:00 (00:00),Positech Games,Positech Games
250,Great Big War Game,Great-Big-War-Game,$6.99,N/A (N/A),0%,"0?..?20,000",00:00 (00:00),Rubicon Development,Rubicon Development
20,GT Legends,GT-Legends,$7.99,71% (88%,84%),"50,000?..?100,000",00:00 (00:00),SimBin Studios AB,SimBin
351,GTR - FIA GT Racing Game,GTR-FIA-GT-Racing-Game,$6.99,N/A (N/A),0%,"50,000?..?100,000",00:00 (00:00),SimBin Studios AB,SimBin
359,GTR 2 FIA GT Racing Game,GTR-2-FIA-GT-Racing-Game,$7.99,77% (90%),"50,000?..?100,000",00:00 (00:00),SimBin Studios AB,SimBin,
154,Guns of Icarus Online,Guns-of-Icarus-Online,$4.99,83% (92%,64%),"2,000,000?..?5,000,000",10:00 (01:52),Muse Games,Muse Games
352,"Hack, Slash, Loot",Hack-Slash-Loot,$6.99,16% (57%),"100,000?..?200,000",00:00 (00:00),David Williamson,David Williamson,
93,Half Minute Hero: Super Mega Neo Climax Ultimate Boy,Half-Minute-Hero-Super-Mega-Neo-Climax-Ultimate-Boy,$9.99,77% (90%,75%),"200,000?..?500,000",00:05 (00:03),Opus,Marvelous
198,"Hamlet or the Last Game without MMORPG Features, Shaders ...",hamlet-or-the-last-game-without-mmorpg-features-shaders-and-product-placement,$4.99,24% (64%),"50,000?..?100,000",04:31 (04:34),Denis Galanin (mif2000),,
119,Hard Reset Extended Edition,Hard-Reset-Extended-Edition,$14.99,58% (83%,73%),"200,000?..?500,000",00:31 (00:31),Flying Wild Hog,Good Shepherd Entertainment
203,Hegemony Gold: Wars of Ancient Greece,Hegemony-Gold-Wars-of-Ancient-Greece,$14.99,93% (95%),"20,000?..?50,000",00:09 (00:03),Longbow Games,Longbow Games,
155,Hell Yeah! Wrath of the Dead Rabbit,Hell-Yeah!-Wrath-of-the-Dead-Rabbit,$14.99,66% (86%,64%),"1,000,000?..?2,000,000",00:27 (00:23),Arkedo,SEGA
90,Hero Academy,Hero-Academy,$4.99,38% (73%,75%),"100,000?..?200,000",00:00 (00:00),Robot Entertainment,Robot Entertainment
316,Hidden Mysteries: Titanic,Hidden-Mysteries-Titanic,$4.99,N/A (N/A),0%,"0?..?20,000",00:00 (00:00),Gunnar Games,GameMill Entertainment
58,Hitman: Absolution,Hitman-Absolution,$19.99,77% (90%,79%),"2,000,000?..?5,000,000",01:56 (01:14),"Io-Interactive A/S, Feral Interactive (Mac)","Io-Interactive A/S, Feral Interactive (Mac)"
134,Home,Home,$2.99,33% (70%,69%),"200,000?..?500,000",08:04 (05:22),Benjamin Rivers Inc.,Benjamin Rivers Inc.
17,Hotline Miami,Hotline-Miami,$9.99,97% (97%,85%),"2,000,000?..?5,000,000",01:48 (00:21),Dennaton Games,Devolver Digital
365,Hubert's Island Adventure: Mouse o' War,Huberts-Island-Adventure-Mouse-o-War,$4.99,N/A (N/A),0%,"0?..?20,000",00:00 (00:00),Cheese and Bacon Games,Cheese and Bacon Games
148,I Am Alive,I-Am-Alive,$14.99,25% (65%,66%),"200,000?..?500,000",00:08 (00:02),Ubisoft Shangha√Ø,Ubisoft
274,iBomber Attack,iBomber-Attack,$5.99,53% (81%),"50,000?..?100,000",00:00 (00:00),Cobra Mobile,Cobra Mobile,
350,iBomber Defense Pacific,iBomber-Defense-Pacific,$4.99,63% (85%),"200,000?..?500,000",00:00 (00:00),Cobra Mobile,Cobra Mobile,
288,Indie Game: The Movie,Indie-Game-The-Movie,$9.99,95% (96%),"200,000?..?500,000",03:24 (01:08),BlinkWorks Media,BlinkWorks Media,
201,INIT.,INIT,$1.99,N/A (N/A),0%,"0?..?20,000",00:00 (00:00),Narrow Monolith,Narrow Monolith
312,Insane 2,Insane-2,$14.99,38% (73%),"50,000?..?100,000",00:02 (00:00),Targem Games,Game Factory Interactive,
84,Insanely Twisted Shadow Planet,Insanely-Twisted-Shadow-Planet,$14.99,71% (88%,76%),"200,000?..?500,000",00:00 (00:00),Shadow Planet Productions,Microsoft Studios
57,Intrusion 2,Intrusion-2,$9.99,77% (90%,80%),"200,000?..?500,000",00:01 (00:00),Aleksey Abramenko,Aleksey Abramenko
295,Inversion,Inversion,$9.99,15% (55%),"20,000?..?50,000",00:00 (00:00),Saber Interactive,BANDAI NAMCO Entertainment,
97,Iron Brigade,Iron-Brigade,$14.99,58% (83%,75%),"100,000?..?200,000",00:00 (00:00),Double Fine Productions,Double Fine Productions
177,Iron Front: Digital War Edition,iron-front-liberation-1944,$14.99,18% (59%,55%),"50,000?..?100,000",00:00 (00:00),"X1 Software, AWAR",Deep Silver
292,Iron Sky: Invasion,Iron-Sky-Invasion,$19.99,18% (59%),"200,000?..?500,000",03:52 (04:01),Reality Pump,Topware Interactive,
160,Jagged Alliance - Back in Action,Jagged-Alliance-2-Wildfire,$19.99,28% (67%,62%),"200,000?..?500,000",27:22 (09:07),"Coreplay GmbH, Bigmoon Studios",THQ Nordic
377,Jagged Alliance 2 - Wildfire,jagged-alliance-back-in-action,$6.99,33% (70%),"200,000?..?500,000",04:29 (06:29),I-deal Games,Topware Interactive,
157,Jagged Alliance: Crossfire,Jagged-Alliance-Crossfire,$14.99,24% (64%,63%),"100,000?..?200,000",00:00 (00:00),Coreplay GmbH,THQ Nordic
335,Jane's Advanced Strike Fighters,jasf-janes-advanced-strike-fighters,$9.99,4% (31%),"20,000?..?50,000",00:00 (00:00),Trickstar Games,Deep Silver,
319,Jet Set Radio,Jet-Set-Radio,$7.99,71% (88%),"1,000,000?..?2,000,000",01:19 (01:35),Blit Software,SEGA,
188,Karateka,Karateka,$3.99,55% (82%,48%),"20,000?..?50,000",00:00 (00:00),Liquid Entertainment,DotEmu
145,King Arthur II: The Role-Playing Wargame,King-Arthur-II-The-Role-Playing-Wargame,$9.99,13% (52%,66%),"100,000?..?200,000",00:00 (00:00),NeocoreGames,Paradox Interactive
43,Kingdoms of Amalur: Reckoning,Kingdoms-of-Amalur-Reckoning,$19.99,68% (87%,81%),"500,000?..?1,000,000",02:46 (03:13),"Big Huge Games, 38 Studios","38 Studios, Electronic Arts"
105,King's Bounty: Warriors of the North,Kings-Bounty-Warriors-of-the-North,$9.99,49% (79%,74%),"200,000?..?500,000",00:00 (00:00),1C-SoftClub,1C Entertainment
183,Krater,Krater,$14.99,17% (58%,52%),"100,000?..?200,000",00:00 (00:00),Fatshark,Fatshark
327,Kung Fu Strike - The Warrior's Rise,Kung-Fu-Strike-The-Warriors-Rise,$9.99,49% (79%),"100,000?..?200,000",00:09 (00:03),Qooc Software,Digital Tribe,
131,Legacy of Kain: Defiance,Legacy-of-Kain-Defiance,$6.99,68% (87%,70%),"200,000?..?500,000",00:35 (00:40),Crystal Dynamics,Square Enix
273,Legacy of Kain: Soul Reaver,Legacy-of-Kain-Soul-Reaver,$6.99,38% (73%),"200,000?..?500,000",00:57 (00:19),Crystal Dynamics,Square Enix,
76,Legacy of Kain: Soul Reaver 2,Legacy-of-Kain-Soul-Reaver-2,$6.99,39% (74%,77%),"200,000?..?500,000",08:45 (02:55),Crystal Dynamics,Square Enix
34,Legend of Grimrock,Legend-of-Grimrock,$14.99,90% (94%,82%),"500,000?..?1,000,000",02:44 (02:02),Almost Human Games,Almost Human Games
243,Legends of Atlantis: Exodus,Legends-of-Atlantis-Exodus,$6.99,N/A (N/A),0%,"0?..?20,000",00:00 (00:00),Alder Games,Legacy Games
200,LEGO Batman 2 DC Super Heroes,LEGO-Batman-2-DC-Super-Heroes,$19.99,68% (87%),"200,000?..?500,000",07:42 (02:34),TT Games,Warner Bros. Interactive Entertainment,
47,LEGO Harry Potter: Years 5-7,LEGO-Harry-Potter-Years-5-7,$19.99,66% (86%,80%),"200,000?..?500,000",10:33 (07:01),Traveller's Tales,Warner Bros. Interactive Entertainment
51,LEGO The Lord of the Rings,LEGO-The-Lord-of-the-Rings,$19.99,74% (89%,80%),"500,000?..?1,000,000",02:52 (01:25),Traveller's Tales,Warner Bros. Interactive Entertainment
141,Little Inferno,little-inferno,$9.99,90% (94%,68%),"500,000?..?1,000,000",00:00 (00:00),Tomorrow Corporation,Tomorrow Corporation
40,Lone Survivor: The Director's Cut,lone-survivor,$14.99,71% (88%,81%),"500,000?..?1,000,000",00:00 (00:00),Jasper Byrne,Superflat Games
167,Lucius,Lucius,$1.99,49% (79%,59%),"500,000?..?1,000,000",03:02 (04:02),Shiver Games,Shiver Games
217,Lunar Flight,Lunar-Flight,$14.99,68% (87%),"50,000?..?100,000",00:00 (00:00),Shovsoft,Shovsoft,
226,Luxor Evolved,Luxor-Evolved,$9.99,97% (97%),"50,000?..?100,000",12:27 (08:18),MumboJumbo,MumboJumbo,
323,Luxor: Amun Rising HD,Luxor-Amun-Rising-HD,$9.99,N/A (N/A),0%,"0?..?20,000",00:01 (00:00),MumboJumbo,MumboJumbo
242,Mabinogi,Mabinogi,Free,38% (73%),"500,000?..?1,000,000",43:09 (14:23),NEXON Korea Corp.,Nexon America Inc.,
114,MacGuffin's Curse,MacGuffins-Curse,$9.99,N/A (N/A/73%),"20,000?..?50,000",00:00 (00:00),Brawsome,Brawsome,
73,Magic: The Gathering - Duels of the Planeswalkers 2013,magic-the-gathering---duels-of-the-planeswalkers-2013,$9.99,68% (87%,77%),"200,000?..?500,000",00:00 (00:00),Stainless Games,Wizards of the Coast LLC
360,Magical Diary: Horse Hall,magical-diary,$14.99,83% (92%),"50,000?..?100,000",00:00 (00:00),Hanako Games,Hanako Games,
260,Magical Drop V,Magical-Drop-V,$0.99,12% (51%),"20,000?..?50,000",00:00 (00:00),Golgoth Studio,UTV Ignition Entertainment,
266,MapleStory,MapleStory,Free,30% (68%),"1,000,000?..?2,000,000",12:43 (13:30),Nexon,Nexon America Inc.,
11,Max Payne 3,Max-Payne-3,$19.99,55% (82%,87%),"1,000,000?..?2,000,000",01:29 (01:48),Rockstar Studios,Rockstar Games
80,McPixel,McPixel,$4.99,66% (86%,76%),"200,000?..?500,000",00:46 (00:15),Sos,Sos Mikolaj Kaminski
111,MDK2 HD,MDK2-HD,$14.99,13% (53%,73%),"0?..?20,000",00:00 (00:00),Overhaul Games,Interplay Inc.
146,Memento Mori,Memento-Mori,$12.99,19% (60%,66%),"20,000?..?50,000",00:00 (00:00),Bohemia Interactive,Bohemia Interactive
173,Men of War: Condemned Heroes,Men-of-War-Condemned-Heroes,$7.99,27% (66%,57%),"100,000?..?200,000",00:00 (00:00),1C-SoftClub,1C Entertainment
88,Miasmata,Miasmata,$14.99,43% (76%,76%),"100,000?..?200,000",00:00 (00:00),IonFx,IonFX Studios
286,Midnight Mysteries 3: Devil on the Mississippi,Midnight-Mysteries-Devil-on-the-Mississippi,$9.99,N/A (N/A),0%,"20,000?..?50,000",00:00 (00:00),MumboJumbo,MumboJumbo
249,Midnight Mysteries 4: Haunted Houdini,Midnight-Mysteries-4-Haunted-Houdini,$9.99,N/A (N/A),0%,"50,000?..?100,000",00:00 (00:00),MumboJumbo,MumboJumbo
349,Midnight Mysteries: Salem Witch Trials,Midnight-Mysteries-Salem-Witch-Trials,$9.99,N/A (N/A),0%,"20,000?..?50,000",00:00 (00:00),MumboJumbo,MumboJumbo
265,Miner Warfare,Miner-Warfare,$2.99,55% (82%),"0?..?20,000",00:00 (00:00),Heartbit Interactive,Heartbit Interactive,
184,Miner Wars 2081,Miner-Wars-2081,$9.99,4% (31%,52%),"50,000?..?100,000",00:00 (00:00),Keen Software House,Keen Software House
269,Miner Wars Arena,Miner-Wars-Arena,$4.99,N/A (N/A),0%,"0?..?20,000",00:00 (00:00),Keen Software House,Keen Software House
345,Mutant Storm: Reloaded,Mutant-Storm-Reloaded,$4.99,N/A (N/A),0%,"20,000?..?50,000",00:00 (00:00),PomPom Games,PomPom Games
55,Myst V: End of Ages,Myst-V-End-of-Ages,$9.99,17% (58%,80%),"50,000?..?100,000",00:00 (00:00),Cyan Worlds,Cyan Worlds
383,Nancy Drew: The Deadly Device,Nancy-Drew-The-Deadly-Device,$19.99,N/A (N/A),0%,"0?..?20,000",00:00 (00:00),"HeR Interactive, Inc.",HeR Interactive
363,Nancy Drew: Tomb of the Lost Queen,Nancy-Drew-Tomb-of-the-Lost-Queen,$19.99,N/A (N/A),0%,"0?..?20,000",00:00 (00:00),HeR Interactive,HeR Interactive
46,Natural Selection 2,Natural-Selection-2,$9.99,63% (85%,80%),"1,000,000?..?2,000,000",02:19 (00:35),Unknown Worlds Entertainment,Unknown Worlds Entertainment
379,Nethergate: Resurrection,Nethergate-Resurrection,$4.99,66% (86%),"50,000?..?100,000",00:00 (00:00),Spiderweb Software,Spiderweb Software,
384,New Star Soccer 5,New-Star-Soccer-5,$14.99,23% (63%),"20,000?..?50,000",00:00 (00:00),New Star Games,New Star Games,
179,Nexuiz,Nexuiz,$9.99,21% (61%,54%),"200,000?..?500,000",00:00 (00:00),IllFonic,"IllFonic, Psyop Games"
318,NiGHTS Into Dreams,NiGHTS-Into-Dreams,$7.99,80% (91%),"200,000?..?500,000",00:00 (00:00),SEGA,SEGA,
52,Noitu Love 2: Devolution,Noitu-Love-2-Devolution,$4.99,90% (94%,80%),"50,000?..?100,000",00:00 (00:00),Joakim Sandberg,Joakim Sandberg
284,Notch - The Innocent LunA: Eclipsed SinnerS,notch---the-innocent-luna-eclipsed-sinners,$9.99,71% (88%),"20,000?..?50,000",00:03 (00:01),"Angels Blue Digital Entertainment, DigitalEZ",DigitalEZ,
137,Of Orcs And Men,Of-Orcs-And-Men,$14.99,38% (73%,69%),"200,000?..?500,000",00:00 (00:00),Cyanide Studio - Spiders Studios,Focus Home Interactive
61,Offspring Fling!,Offspring-Fling,$7.99,71% (88%,79%),"200,000?..?500,000",00:00 (00:00),Kyle Pulver,Kyle Pulver
144,Oil Rush,Oil-Rush,$7.99,16% (57%,67%),"200,000?..?500,000",00:00 (00:00),Unigine Corp.,Unigine Corp.
25,Orcs Must Die! 2,Orcs-Must-Die!-2,$14.99,90% (94%,83%),"2,000,000?..?5,000,000",01:56 (02:28),Robot Entertainment,Robot Entertainment
153,Painkiller Hell & Damnation,painkiller-hell-damnation,$19.99,43% (76%,64%),"500,000?..?1,000,000",00:08 (00:02),The Farm 51,THQ Nordic
194,Painkiller: Recurring Evil,Painkiller-Recurring-Evil,$9.99,13% (52%,38%),"100,000?..?200,000",00:02 (00:00),Med-Art,THQ Nordic
369,Party of Sin,Party-of-Sin,$5.99,N/A (N/A),0%,"50,000?..?100,000",01:13 (00:24),Crankshaft Games,Crankshaft Games
342,Penny Arcade's On the Rain-Slick Precipice of Darkness 3,Penny-Arcades-On-the-Rain-Slick-Precipice-of-Darkness-3,$1.99,71% (88%),"200,000?..?500,000",00:01 (00:00),Zeboyd Games,"Penny Arcade, Inc.",
206,Phantasy Star II,Phantasy-Star-II,$0.99,N/A (N/A),0%,"0?..?20,000",00:00 (00:00),,SEGA
367,Phantasy Star III: Generations of Doom,Phantasy-Star-III-Generations-of-Doom,$0.99,N/A (N/A),0%,"0?..?20,000",00:00 (00:00),,SEGA
326,Phantasy Star IV: The End of the Millennium,Phantasy-Star-IV-The-End-of-the-Millennium,$0.99,N/A (N/A),0%,"0?..?20,000",00:00 (00:00),,SEGA
254,Phineas and Ferb: New Inventions,Phineas-and-Ferb-New-Inventions,$19.99,N/A (N/A),0%,"0?..?20,000",00:00 (00:00),PIPE Studio,Disney Interactive
308,Pickers,Pickers,$9.99,51% (80%),"50,000?..?100,000",00:02 (00:00),MumboJumbo,MumboJumbo,
156,Pid,Pid,$9.99,34% (71%,63%),"500,000?..?1,000,000",00:00 (00:00),Might and Delight,Might and Delight
161,Pineapple Smash Crew,Pineapple-Smash-Crew,$9.99,58% (83%,62%),"20,000?..?50,000",00:00 (00:00),RichMakeGame,RichMakeGame
45,PixelJunk Eden,PixelJunk-Eden,$9.99,68% (87%,81%),"200,000?..?500,000",00:00 (00:00),Q-Games Ltd.,Q-Games Ltd.
371,Planets Under Attack,Planets-Under-Attack,$9.99,25% (65%),"500,000?..?1,000,000",03:22 (03:51),Targem Games,Topware Interactive,
22,PlanetSide 2,PlanetSide-2,Free,55% (82%,84%),"5,000,000?..?10,000,000",05:59 (01:38),Daybreak Game Company,Daybreak Game Company
259,Playing History - The Plague,Playing-History-The-Plague,$3.99,N/A (N/A),0%,"0?..?20,000",00:00 (00:00),Serious Games Interactive,Serious Games Interactive
337,Port Royale 3,Port-Royale-3,$14.99,28% (67%),"200,000?..?500,000",11:36 (07:44),Gaming Minds Studios,Kalypso Media Digital,
168,POSTAL 2,POSTAL-2,$9.99,93% (95%,59%),"1,000,000?..?2,000,000",02:56 (01:40),Running With Scissors,Running With Scissors
196,Postal III,Postal-III,$11.99,6% (38%,24%),"50,000?..?100,000",00:00 (00:00),Trashmasters,Akella
142,Primal Carnage,Primal-Carnage,$7.99,45% (77%,67%),"200,000?..?500,000",02:31 (02:31),Lukewarm Media,"Reverb Triple XP, Circle 5"
126,Primordia,Primordia,$9.99,97% (97%,72%),"100,000?..?200,000",00:00 (00:00),Wormwood Studios,Wadjet Eye Games
82,Prototype 2,Prototype-2,$39.99,24% (64%,76%),"500,000?..?1,000,000",01:50 (01:07),Radical Entertainment,Activision
244,Puddle,Puddle,$7.99,41% (75%),"100,000?..?200,000",00:00 (00:00),Neko Entertainment,Neko Entertainment,
71,Quantum Conundrum,Quantum-Conundrum,$8.99,58% (83%,77%),"200,000?..?500,000",00:00 (00:00),Airtight Games,Square Enix
329,R.A.W. Realms of Ancient War,realms-of-ancient-war,$14.99,11% (49%),"200,000?..?500,000",00:00 (00:00),Wizarbox,Focus Home Interactive,
16,Rayman Origins,Rayman-Origins,$19.99,87% (93%,86%),"200,000?..?500,000",00:32 (00:27),"UBIart Montpellier, Feral Interactive (Mac)","Ubisoft, Feral Interactive (Mac)"
280,Really Big Sky,Really-Big-Sky,$4.99,41% (75%),"500,000?..?1,000,000",02:40 (00:53),Boss Baddie,Ripstone,
35,Realm of the Mad God,Realm-of-the-Mad-God,Free,58% (83%,82%),"2,000,000?..?5,000,000",03:32 (00:53),"Wild Shadow Studios, Deca Games",Deca Games
189,Resident Evil: Operation Raccoon City,Resident-Evil-Operation-Raccoon-City,$29.99,13% (52%,48%),"100,000?..?200,000",00:11 (00:03),Slant Six Games,Capcom Co. Ltd
81,Resonance,Resonance,$9.99,80% (91%,76%),"50,000?..?100,000",00:00 (00:00),XII Games,Wadjet Eye Games
270,Revelations 2012,Revelations-2012,Free,17% (58%),"20,000?..?50,000",00:00 (00:00),Dark Artz Entertainment,Dark Artz Entertainment,
123,Ridge Racer Unbounded,Ridge-Racer-Unbounded,$9.99,15% (56%,72%),"100,000?..?200,000",04:18 (01:26),BUGBEAR,BANDAI NAMCO Entertainment
164,Rigonauts,Rigonauts,$9.99,N/A (N/A/60%),"0?..?20,000",00:00 (00:00),"Engient, Inc",Engient,
136,Risen 2: Dark Waters,Risen-2-Dark-Waters,$9.99,43% (76%,69%),"1,000,000?..?2,000,000",11:15 (10:05),Piranha Bytes,Deep Silver
106,Rocketbirds: Hardboiled Chicken,Rocketbirds-Hardboiled-Chicken,$4.99,51% (80%,74%),"200,000?..?500,000",02:58 (03:05),Ratloop Asia,Reverb Publishing
65,Rocksmith,Rocksmith,$29.99,77% (90%,78%),"200,000?..?500,000",00:01 (00:00),Ubisoft - San Francisco,Ubisoft
336,Roller Coaster Rampage,Roller-Coaster-Rampage,$9.99,16% (57%),"20,000?..?50,000",00:00 (00:00),Pantera Entertainment,Pantera Entertainment,
222,ROSE Online,ROSE-Online,Free,30% (68%),"200,000?..?500,000",00:00 (00:00),Gravity Interactive,Gravity Interactive,
381,Rotastic,Rotastic,$9.99,N/A (N/A),0%,"0?..?20,000",00:00 (00:00),Dancing Dots,Focus Home Interactive
362,Rune Classic,Rune-Classic,$9.99,83% (92%),"100,000?..?200,000",00:15 (00:09),Human Head Studios,Human Head Studios,
315,Sacred 2 Gold,sacred-2-gold-edition,$14.99,36% (72%),"500,000?..?1,000,000",00:00 (00:00),Ascaron,Deep Silver,
258,Scary Girl,ScaryGirl,$6.99,N/A (N/A),0%,"0?..?20,000",00:00 (00:00),TikGames,Square Enix
302,Scoregasm,Scoregasm,$4.99,66% (86%),"50,000?..?100,000",00:00 (00:00),RC Knight,Charlie's Games,
92,Scribblenauts Unlimited,Scribblenauts-Unlimited,$19.99,80% (91%,75%),"1,000,000?..?2,000,000",01:48 (02:20),5th Cell Media,Warner Bros. Interactive Entertainment
271,Sea Dogs: To Each His Own - Pirate Open World RPG,sea-dogs-to-each-his-own,$14.99,41% (75%),"20,000?..?50,000",22:17 (07:25),BlackMark Studio,Akella,
356,SEAL Team 12,SEAL-Team-12,$1.99,N/A (N/A),0%,"0?..?20,000",00:00 (00:00),Social Loner Studios,Social Loner Studios
143,Secret Files 3,Secret-Files-3,$9.99,18% (59%,67%),"20,000?..?50,000",00:00 (00:00),Animation Arts,Deep Silver
107,Serious Sam 2,serious-sam-ii,$9.99,71% (88%,74%),"500,000?..?1,000,000",02:16 (01:29),Croteam,Devolver Digital
140,Shad'O,ShadO,$4.99,N/A (N/A/68%),"20,000?..?50,000",00:00 (00:00),Okugi Studio,Okugi Sudio,
125,Shank 2,Shank-2,$9.99,55% (82%,72%),"500,000?..?1,000,000",01:01 (01:01),Klei Entertainment,Klei Entertainment
299,Sherlock Holmes and The Hound of The Baskervilles,Sherlock-Holmes-and-The-Hound-of-The-Baskervilles,$9.99,58% (83%),"20,000?..?50,000",00:00 (00:00),Waterlily Games,Frogwares,
77,Sine Mora,Sine-Mora,N/A,60% (84%,77%),"200,000?..?500,000",00:00 (00:00),Digital Reality,HandyGames
33,Sins of a Solar Empire: Rebellion,Sins-of-a-Solar-Empire-Rebellion,$39.99,83% (92%,82%),"1,000,000?..?2,000,000",05:56 (06:34),"Ironclad Games, Stardock Entertainment",Stardock Entertainment
272,Sleeping Dogs: Ghost Pig,Sleeping-Dogs-Ghost-Pig,Free,N/A (N/A),0%,"0?..?20,000",00:00 (00:00),United Front Games,Square Enix
101,Snapshot,Snapshot,$9.99,N/A (N/A/74%),"200,000?..?500,000",00:00 (00:00),Retro Affect,Retro Affect,
149,Sniper Elite V2,Sniper-Elite-V2,$19.99,68% (87%,66%),"2,000,000?..?5,000,000",02:18 (01:07),Rebellion,Rebellion
219,Snuggle Truck,Snuggle-Truck,$4.99,80% (91%),"100,000?..?200,000",00:00 (00:00),Owlchemy Labs,Owlchemy Labs,
175,SOL: Exodus,SOL-Exodus,$7.99,14% (54%,57%),"50,000?..?100,000",00:00 (00:00),"Bit Planet Games, LLC","Bit Planet Games, LLC"
239,Sonic Adventure 2,Sonic-Adventure-2,$9.99,60% (84%),"500,000?..?1,000,000",01:53 (02:32),SEGA,SEGA,
218,Sonic CD,Sonic-CD,$4.99,77% (90%),"200,000?..?500,000",01:09 (01:18),Blit Software,SEGA,
238,Sonic the Hedgehog 4 - Episode I,Sonic-the-Hedgehog-4-Episode-I,$9.99,11% (50%),"200,000?..?500,000",00:38 (00:25),SEGA,SEGA,
180,Sonic the Hedgehog 4 - Episode II,Sonic-the-Hedgehog-4-Episode-II,$9.99,51% (80%,54%),"200,000?..?500,000",00:01 (00:00),SEGA,SEGA
332,Space Ark,Space-Ark,$4.99,N/A (N/A),0%,"0?..?20,000",00:00 (00:00),Strawdog Studios Ltd,Bounce Entertainment
234,SpaceCorn,SpaceCorn,$0.99,21% (61%),"50,000?..?100,000",02:30 (00:50),"Henrique Pegacha, Rafael Lima, Nuno Guerreiro",Gentlemen in Tuxedos,
85,Spec Ops: The Line,Spec-Ops-The-Line,$29.99,87% (93%,76%),"1,000,000?..?2,000,000",13:56 (01:29),YAGER,"2K, Missing Link Games"
178,SpellForce 2: Faith in Destiny,SpellForce-2-Faith-in-Destiny,$14.99,19% (60%,55%),"200,000?..?500,000",00:00 (00:00),Mind Over Matter Studios,THQ Nordic
386,Spirits,Spirits,$3.99,34% (71%),"200,000?..?500,000",00:00 (00:00),Spaces of Play,Spaces of Play,
133,Splice,Splice,$9.99,74% (89%,70%),"200,000?..?500,000",00:25 (00:08),Cipher Prime Studios,Cipher Prime Studios
49,Stacking,Stacking,$9.99,80% (91%,80%),"200,000?..?500,000",00:00 (00:00),Double Fine Productions,Double Fine Productions
147,Star Trek Online,Star-Trek-Online,Free,43% (76%,66%),"1,000,000?..?2,000,000",07:35 (08:53),Cryptic Studios,Perfect World Entertainment
18,STAR WARS Knights of the Old Republic II - The Sith Lords,STAR-WARS-Knights-of-the-Old-Republic-II-The-Sith-Lords,$9.99,74% (89%,85%),"2,000,000?..?5,000,000",04:11 (04:20),"Obsidian Entertainment, Aspyr (Mac, Linux, & Windows Update)","LucasArts, Disney Interactive, Lucasfilm, Aspyr (Mac, Linux)"
190,Starpoint Gemini,Starpoint-Gemini,$13.99,3% (30%,46%),"50,000?..?100,000",00:00 (00:00),Little Green Men Games,Iceberg Interactive
50,Stealth Bastard Deluxe,Stealth-Bastard-Deluxe,$9.99,71% (88%,80%),"200,000?..?500,000",00:00 (00:00),Curve Studios,Curve Digital
103,Stellar Impact,Stellar-Impact,$9.99,5% (37%,74%),"50,000?..?100,000",00:00 (00:00),Tindalos Interactive,
317,Storm in a Teacup,Storm-in-a-Teacup,$4.99,N/A (N/A),0%,"20,000?..?50,000",00:00 (00:00),Cobra Mobile,Cobra Mobile
64,Street Fighter X Tekken,Street-Fighter-X-Tekken,$29.99,16% (57%,79%),"100,000?..?200,000",05:58 (03:58),"Capcom U.S.A., Inc.","Capcom U.S.A., Inc."
205,Streets of Rage 3,Streets-of-Rage-3,$0.99,N/A (N/A),0%,"0?..?20,000",00:00 (00:00),,SEGA
325,Stronghold 3 Gold,Stronghold-Kingdoms,$29.99,3% (26%),"500,000?..?1,000,000",00:53 (00:52),FireFly Studios,FireFly Studios,
98,Stronghold Kingdoms,stronghold-3-gold-edition,Free,25% (65%,75%),"1,000,000?..?2,000,000",49:04 (49:03),FireFly Studios,FireFly Studios
264,Sugar Cube: Bittersweet Factory,Sugar-Cube-Bittersweet-Factory,$6.99,47% (78%),"20,000?..?50,000",00:00 (00:00),Turtle Cream,Turtle Cream,
368,Super Crate Box,Super-Crate-Box,Free,74% (89%),"1,000,000?..?2,000,000",00:04 (00:01),Vlambeer,Vlambeer,
10,Super Hexagon,Super-Hexagon,$2.99,97% (97%,88%),"1,000,000?..?2,000,000",00:11 (00:09),Terry Cavanagh,Terry Cavanagh
220,Superbrothers: Sword & Sworcery EP,superbrothers-sword-sworcery-ep,$7.99,49% (79%),"500,000?..?1,000,000",00:00 (00:00),"Capybara, Superbrothers, Jim Guthrie",Capybara Games,
150,Sword of the Stars II: Enhanced Edition,sword-of-the-stars-ii-lords-of-winter-enhanced-edition,$19.99,7% (42%,65%),"100,000?..?200,000",00:00 (00:00),Kerberos Productions,Paradox Interactive
89,Symphony,Symphony,$8.99,68% (87%,75%),"200,000?..?500,000",01:37 (00:32),Empty Clip Studios,Empty Clip Studios
26,Tales From Space: Mutant Blobs Attack,Tales-From-Space-Mutant-Blobs-Attack,$7.99,83% (92%,83%),"100,000?..?200,000",01:34 (00:31),DrinkBox Studios,DrinkBox Studios
314,TDP4:Team Battle,TDP4Team-Battle,N/A,7% (41%),"200,000?..?500,000",02:59 (00:59),JAVELIN O?,JAVELIN O?,
301,Test Drive: Ferrari Racing Legends,Test-Drive-Ferrari-Racing-Legends,$19.99,15% (55%),"0?..?20,000",00:00 (00:00),Slightly Mad Studios,Evolved Games,
245,The Basement Collection,The-Basement-Collection,$3.99,66% (86%),"200,000?..?500,000",01:36 (01:33),"Edmund McMillen, Tyler Glaiel",Edmund McMillen,
48,The Blackwell Legacy,The-Blackwell-Legacy,$4.99,71% (88%,80%),"100,000?..?200,000",00:00 (00:00),Wadjet Eye Games,Wadjet Eye Games
237,The Bluecoats: North vs South,The-Bluecoats-North-vs-South,$4.99,8% (44%),"20,000?..?50,000",00:00 (00:00),Little World Studio,Microids,
32,The Book of Unwritten Tales,The-Book-of-Unwritten-Tales,$19.99,74% (89%,82%),"200,000?..?500,000",00:00 (00:00),KING Art,THQ Nordic
118,The Book of Unwritten Tales: The Critter Chronicles,the-book-of-unwritten-tales-critter-chronicles,$19.99,60% (84%,73%),"100,000?..?200,000",00:00 (00:00),KING Art,THQ Nordic
91,The Dark Eye: Chains of Satinav,The-Dark-Eye-Chains-of-Satinav,$19.99,66% (86%,75%),"200,000?..?500,000",01:52 (02:01),Daedalic Entertainment,Daedalic Entertainment
72,The Darkness II,The-Darkness-II,$29.99,74% (89%,77%),"1,000,000?..?2,000,000",01:13 (01:18),Digital Extremes,2K
94,The Dream Machine: Chapter 1 & 2,the-dream-machine,$3.99,83% (92%,75%),"100,000?..?200,000",00:00 (00:00),Cockroach Inc.,The Sleeping Machine
291,The Juicer,The-Juicer,$0.99,83% (92%),"20,000?..?50,000",02:05 (00:41),Anvate Games,Anvate Games,
13,The Lord of the Rings Online,the-lord-of-the-rings-online-riders-of-rohan,Free,53% (81%,86%),"2,000,000?..?5,000,000",08:07 (15:13),"Standing Stone Games, LLC","Standing Stone Games, LLC"
310,The Old Tree,The-Old-Tree,Free,74% (89%),"200,000?..?500,000",00:00 (00:00),Red Dwarf Games,Red Dwarf Games,
263,The Revenge of Shinobi,The-Revenge-of-Shinobi,$0.99,N/A (N/A),0%,"0?..?20,000",00:00 (00:00),,SEGA
110,The Testament of Sherlock Holmes,The-Testament-of-Sherlock-Holmes,$19.99,58% (83%,73%),"200,000?..?500,000",00:00 (00:00),Frogwares,Frogwares
29,The Walking Dead,The-Walking-Dead,N/A,95% (96%,82%),"2,000,000?..?5,000,000",16:29 (01:09),Telltale Games,Telltale Games
8,The Witcher 2: Assassins of Kings Enhanced Edition,the-witcher-2-assassins-of-kings,$19.99,71% (88%,88%),"2,000,000?..?5,000,000",04:46 (01:59),CD PROJEKT RED,"CD PROJEKT RED, 1C-SoftClub"
102,They Bleed Pixels,They-Bleed-Pixels,$9.99,68% (87%,74%),"200,000?..?500,000",00:31 (00:25),Spooky Squid Games Inc.,Spooky Squid Games Inc.
1,Thief Gold,Thief-Gold,$6.99,83% (92%,92%),"500,000?..?1,000,000",00:17 (00:11),Looking Glass Studios,Square Enix
12,Thief II: The Metal Age,Thief-II-The-Metal-Age,$6.99,87% (93%,87%),"200,000?..?500,000",00:01 (00:00),Looking Glass Studios,Square Enix
9,Thirty Flights of Loving,Thirty-Flights-of-Loving,$4.99,25% (65%,88%),"100,000?..?200,000",00:00 (00:00),Blendo Games,Blendo Games
78,Thomas Was Alone,Thomas-Was-Alone,$9.99,90% (94%,77%),"500,000?..?1,000,000",00:00 (00:00),Bithell Games,Bithell Games
232,Ticket to Ride,Ticket-to-Ride,$9.99,63% (85%),"200,000?..?500,000",01:21 (02:01),Days of Wonder,"Days of Wonder, Asmodee Digital",
95,Tiny and Big: Grandpa's Leftovers,tiny-big-grandpas-leftovers,$9.99,83% (92%,75%),"500,000?..?1,000,000",00:00 (00:00),Black Pants Studio,Black Pants Studio
174,Tiny Troopers,Tiny-Troopers,$4.99,51% (80%,57%),"100,000?..?200,000",00:04 (00:01),Kukouri,Iceberg Interactive
202,Titan Attacks!,Titan-Attacks!,$9.99,83% (92%),"100,000?..?200,000",00:00 (00:00),Puppygames,Puppygames,
41,To the Moon,To-the-Moon,$9.99,95% (96%,81%),"1,000,000?..?2,000,000",01:40 (02:26),Freebird Games,Freebird Games
210,Tobari and the Night of the Curious Moon,Tobari-and-the-Night-of-the-Curious-Moon,$9.99,53% (81%),"0?..?20,000",00:00 (00:00),desunoya,Sekai Project,
334,ToeJam & Earl in Panic on Funkotron,ToeJam-Earl-in-Panic-on-Funkotron,$0.99,N/A (N/A),0%,"0?..?20,000",00:00 (00:00),SEGA,SEGA
129,Tom Clancy's Ghost Recon: Future Soldier,Tom-Clancys-Ghost-Recon-Future-Soldier,$19.99,25% (65%,71%),"200,000?..?500,000",01:47 (01:46),"Ubisoft Paris, Red Storm Entertainment",Ubisoft
374,Tomb Raider I,Tomb-Raider-I,$6.99,55% (82%),"500,000?..?1,000,000",00:06 (00:03),Core Design,Square Enix,
307,Tomb Raider II,Tomb-Raider-II,$6.99,66% (86%),"500,000?..?1,000,000",00:03 (00:01),Core Design,Square Enix,
209,Tomb Raider III,Tomb-Raider-III,$6.99,58% (83%),"500,000?..?1,000,000",00:00 (00:00),Core Design,Square Enix,
241,Tomb Raider IV: The Last Revelation,Tomb-Raider-IV-The-Last-Revelation,$6.99,63% (85%),"500,000?..?1,000,000",00:00 (00:00),Core Design,Square Enix,
331,Tomb Raider V: Chronicles,Tomb-Raider-V-Chronicles,$6.99,36% (72%),"500,000?..?1,000,000",00:00 (00:00),Core Design,Square Enix,
344,Tomb Raider VI: The Angel of Darkness,Tomb-Raider-VI-The-Angel-of-Darkness,$6.99,14% (54%),"500,000?..?1,000,000",00:00 (00:00),Core Design,Square Enix,
7,Torchlight II,Torchlight-II,$19.99,90% (94%,88%),"2,000,000?..?5,000,000",04:17 (01:57),Runic Games,Runic Games
14,Total War: Shogun 2 - Fall of the Samurai,total-war-shogun-2---fall-of-the-samurai,$29.99,97% (97%,86%),"0?..?20,000",00:00 (00:00),"CREATIVE ASSEMBLY, Feral Interactive (Mac), Feral Interactive (Linux)","SEGA, Feral Interactive (Mac), Feral Interactive (Linux)"
169,Tower Wars,Tower-Wars,$7.99,36% (72%,59%),"200,000?..?500,000",00:00 (00:00),SuperVillain Studios,SuperVillain Studios
328,Towns,Towns,$14.99,3% (25%),"100,000?..?200,000",00:00 (00:00),"Xavi Canal, Ben Palgi",SMP,
128,Toy Soldiers,Toy-Soldiers,$9.99,77% (90%,71%),"200,000?..?500,000",00:19 (00:06),Signal Studios,Microsoft Studios
370,Train of Afterlife,Train-of-Afterlife,$9.99,16% (57%),"20,000?..?50,000",00:00 (00:00),Zeiva Inc,Zeiva Inc,
15,Tribes: Ascend,Tribes-Ascend,Free,47% (78%,86%),"2,000,000?..?5,000,000",00:00 (00:00),Hi-Rez Studios,Hi-Rez Studios
214,Triple Town,Triple-Town,$9.99,83% (92%),"50,000?..?100,000",00:00 (00:00),Spry Fox LLC,Spry Fox LLC,
199,Tropical Fish Shop 2,Tropical-Fish-Shop-2,$3.99,N/A (N/A),0%,"0?..?20,000",00:00 (00:00),Rainbow Games,Rainbow Games
186,Tryst,Tryst,$14.99,N/A (N/A/50%),"0?..?20,000",00:00 (00:00),BlueGiant Interactive,BlueGiant Interactive,
375,Tsukumogami,Tsukumogami,$29.99,N/A (N/A),0%,"50,000?..?100,000",00:00 (00:00),TORaIKI,Fruitbat Factory
21,Unity of Command: Stalingrad Campaign,Unity-of-Command-Stalingrad-Campaign,$19.99,51% (80%,84%),"100,000?..?200,000",00:00 (00:00),2x2 Games,"Dvaput, 2x2 Games"
109,Unmechanical,Unmechanical,$9.99,83% (92%,74%),"50,000?..?100,000",00:00 (00:00),Talawa Games,Teotl Studios
116,Unstoppable Gorg,Unstoppable-Gorg,$9.99,47% (78%,73%),"50,000?..?100,000",00:00 (00:00),Futuremark,Futuremark
229,VectorMan 2,VectorMan-2,$0.99,N/A (N/A),0%,"0?..?20,000",00:00 (00:00),,SEGA
343,Venusian Vengeance,Venusian-Vengeance,$3.99,N/A (N/A),0%,"0?..?20,000",01:18 (00:26),Renegade Sector Games,Renegade Sector Games
44,Vessel,Vessel,$19.99,68% (87%,81%),"200,000?..?500,000",00:00 (00:00),Strange Loop Games,IndiePub
366,Viking: Battle for Asgard,Viking-Battle-for-Asgard,$14.99,13% (52%),"1,000,000?..?2,000,000",12:56 (04:18),"Creative Assembly, PC Port - Hardlight",SEGA,
83,Vindictus,Vindictus,Free,36% (72%,76%),"1,000,000?..?2,000,000",11:49 (30:06),Nexon,Nexon America Inc.
62,Waking Mars,Waking-Mars,$9.99,74% (89%,79%),"200,000?..?500,000",00:00 (00:00),Tiger Style,Tiger Style
346,Wanderlust: Rebirth,Wanderlust-Rebirth,$4.99,11% (50%),"100,000?..?200,000",00:00 (00:00),Yeti Trunk,Chucklefish,
42,Wargame: European Escalation,Wargame-European-Escalation,$9.99,41% (75%,81%),"500,000?..?1,000,000",03:10 (02:38),Eugen Systems,Focus Home Interactive
127,Warlock - Master of the Arcane,Warlock-Master-of-the-Arcane,$24.99,66% (86%,71%),"500,000?..?1,000,000",02:40 (00:53),Ino-Co Plus,Paradox Interactive
324,Warp,Warp,$9.99,36% (72%),"20,000?..?50,000",00:00 (00:00),Trapdoor Inc.,Electronic Arts,
39,Waveform,Waveform,$1.99,60% (84%,81%),"500,000?..?1,000,000",00:28 (00:09),Eden Industries,Eden Industries
36,Wizorb,Wizorb,$2.99,45% (77%,81%),"200,000?..?500,000",00:09 (00:03),Tribute Games Inc.,Tribute Games Inc.
339,Wonder Boy in Monster World,Wonder-Boy-in-Monster-World,$0.99,N/A (N/A),0%,"0?..?20,000",00:00 (00:00),,SEGA
121,Worms Revolution,Worms-Revolution,$2.99,60% (84%,73%),"1,000,000?..?2,000,000",03:58 (01:16),Team17 Digital Ltd,Team17 Digital Ltd
4,XCOM: Enemy Unknown,XCOM-Enemy-Unknown,$29.99,90% (94%,89%),"2,000,000?..?5,000,000",10:05 (07:45),"Firaxis Games, Feral Interactive (Mac), Feral Interactive (Linux)","2K, Feral Interactive (Mac), Feral Interactive (Linux)"
303,Yesterday,Yesterday,$9.99,55% (82%),"100,000?..?200,000",00:00 (00:00),Pendulo Studios,Focus Home Interactive,
87,Ys Origin,Ys-Origin,$19.99,93% (95%,76%),"200,000?..?500,000",04:52 (04:48),Nihon Falcom,XSEED Games
117,Ys: The Oath in Felghana,Ys-The-Oath-in-Felghana,$14.99,90% (94%,73%),"100,000?..?200,000",00:04 (00:01),Nihon Falcom,XSEED Games
372,Zombie Driver HD,Zombie-Driver-HD,$9.99,58% (83%),"200,000?..?500,000",00:00 (00:00),Exor Studios,Exor Studios,
